time,acc_theta1,acc_theta2,acc_d3,acc_theta4
60.525,1.43961,-35.0631,12.7155,-33.6235
60.536,1.41115,-34.792,12.631,-33.3808
60.547,1.3827,-34.5209,12.5466,-33.1382
60.557,1.35683,-34.2744,12.4698,-32.9176
60.568,1.32837,-34.0033,12.3853,-32.675
60.578,1.3025,-33.7569,12.3085,-32.4544
60.589,1.27405,-33.4858,12.224,-32.2117
60.6,1.24559,-33.2147,12.1395,-31.9691
60.611,1.21714,-32.9436,12.055,-31.7265
60.621,1.19127,-32.6972,11.9782,-31.5059
60.632,1.16281,-32.4261,11.8938,-31.2632
60.642,1.13694,-32.1796,11.817,-31.0427
60.653,1.10849,-31.9085,11.7325,-30.8
60.664,1.08003,-31.6374,11.648,-30.5574
60.675,1.05158,-31.3663,11.5635,-30.3147
60.685,1.02571,-31.1199,11.4867,-30.0942
60.696,0.997251,-30.8488,11.4022,-29.8515
60.706,0.971382,-30.6023,11.3254,-29.6309
60.717,0.942926,-30.3312,11.241,-29.3883
60.728,0.91447,-30.0601,11.1565,-29.1457
60.739,0.886014,-29.789,11.072,-28.903
60.749,0.860145,-29.5426,10.9952,-28.6825
60.76,0.831689,-29.2715,10.9107,-28.4398
60.77,0.80582,-29.0251,10.8339,-28.2192
60.781,0.777364,-28.754,10.7494,-27.9766
60.792,0.748909,-28.4829,10.665,-27.734
60.803,0.720453,-28.2118,10.5805,-27.4913
60.813,0.694584,-27.9653,10.5037,-27.2707
60.824,0.666128,-27.6942,10.4192,-27.0281
60.834,0.640259,-27.4478,10.3424,-26.8075
60.845,0.611803,-27.1767,10.2579,-26.5649
60.856,0.583347,-26.9056,10.1734,-26.3222
60.867,0.554891,-26.6345,10.089,-26.0796
60.877,0.529022,-26.388,10.0122,-25.859
60.888,0.500566,-26.117,9.92768,-25.6164
60.898,0.474697,-25.8705,9.85088,-25.3958
60.909,0.446241,-25.5994,9.7664,-25.1532
60.92,0.417786,-25.3283,9.68192,-24.9105
60.931,0.38933,-25.0572,9.59744,-24.6679
60.941,0.363461,-24.8108,9.52064,-24.4473
60.952,0.335005,-24.5397,9.43616,-24.2047
60.962,0.309136,-24.2932,9.35936,-23.9841
60.973,0.28068,-24.0221,9.27488,-23.7415
60.984,0.252224,-23.751,9.1904,-23.4988
60.995,0.223768,-23.4799,9.10592,-23.2562
61.005,0.197899,-23.2335,9.02912,-23.0356
61.016,0.169443,-22.9624,8.94464,-22.793
61.026,0.143574,-22.716,8.86784,-22.5724
61.037,0.115119,-22.4449,8.78336,-22.3297
61.048,0.0866627,-22.1738,8.69888,-22.0871
61.059,0.0582068,-21.9027,8.6144,-21.8445
61.069,0.0323378,-21.6562,8.5376,-21.6239
61.08,0.00388193,-21.3851,8.45312,-21.3812
61.09,-0.021987,-21.1387,8.37632,-21.1607
61.101,-0.0504429,-20.8676,8.29184,-20.918
61.112,-0.0788988,-20.5965,8.20736,-20.6754
61.123,-0.107355,-20.3254,8.12288,-20.4327
61.133,-0.133224,-20.0789,8.04608,-20.2122
61.144,-0.16168,-19.8079,7.9616,-19.9695
61.154,-0.187549,-19.5614,7.8848,-19.749
61.165,-0.216004,-19.2903,7.80032,-19.5063
61.176,-0.24446,-19.0192,7.71584,-19.2637
61.187,-0.272916,-18.7481,7.63136,-19.021
61.197,-0.298785,-18.5017,7.55456,-18.8005
61.208,-0.327241,-18.2306,7.47008,-18.5578
61.218,-0.35311,-17.9841,7.39328,-18.3372
61.229,-0.381566,-17.713,7.3088,-18.0946
61.24,-0.410022,-17.4419,7.22432,-17.852
61.251,-0.438478,-17.1708,7.13984,-17.6093
61.261,-0.464347,-16.9244,7.06304,-17.3887
61.272,-0.492802,-16.6533,6.97856,-17.1461
61.283,-0.521258,-16.3822,6.89408,-16.9035
61.294,-0.549714,-16.1111,6.8096,-16.6608
61.304,-0.575583,-15.8647,6.7328,-16.4402
61.315,-0.604039,-15.5936,6.64832,-16.1976
61.325,-0.629908,-15.3471,6.57152,-15.977
61.336,-0.658364,-15.076,6.48704,-15.7344
61.347,-0.68682,-14.8049,6.40256,-15.4917
61.358,-0.715276,-14.5338,6.31808,-15.2491
61.368,-0.741145,-14.2874,6.24128,-15.0285
61.379,-0.769601,-14.0163,6.1568,-14.7859
61.389,-0.79547,-13.7698,6.08,-14.5653
61.4,-0.823925,-13.4987,5.99552,-14.3227
61.411,-0.852381,-13.2277,5.91104,-14.08
61.422,-0.880837,-12.9566,5.82656,-13.8374
61.432,-0.906706,-12.7101,5.74976,-13.6168
61.443,-0.935162,-12.439,5.66528,-13.3742
61.453,-0.961031,-12.1926,5.58848,-13.1536
61.464,-0.989487,-11.9215,5.504,-12.911
61.475,-1.01794,-11.6504,5.41952,-12.6683
61.486,-1.0464,-11.3793,5.33504,-12.4257
61.496,-1.07227,-11.1328,5.25824,-12.2051
61.507,-1.10072,-10.8617,5.17376,-11.9625
61.517,-1.12659,-10.6153,5.09696,-11.7419
61.528,-1.15505,-10.3442,5.01248,-11.4992
61.539,-1.1835,-10.0731,4.928,-11.2566
61.55,-1.21196,-9.80201,4.84352,-11.014
61.56,-1.23783,-9.55556,4.76672,-10.7934
61.571,-1.26628,-9.28447,4.68224,-10.5508
61.581,-1.29215,-9.03802,4.60544,-10.3302
61.592,-1.32061,-8.76692,4.52096,-10.0875
61.603,-1.34907,-8.49583,4.43648,-9.84489
61.614,-1.37752,-8.22473,4.352,-9.60225
61.624,-1.40339,-7.97828,4.2752,-9.38167
61.635,-1.43185,-7.70719,4.19072,-9.13904
61.645,-1.45772,-7.46074,4.11392,-8.91846
61.656,-1.48617,-7.18965,4.02944,-8.67582
61.667,-1.51463,-6.91855,3.94496,-8.43318
61.678,-1.54308,-6.64746,3.86048,-8.19054
61.688,-1.56895,-6.40101,3.78368,-7.96996
61.699,-1.59741,-6.12991,3.6992,-7.72732
61.709,-1.62328,-5.88346,3.6224,-7.50674
61.72,-1.65173,-5.61237,3.53792,-7.2641
61.731,-1.68019,-5.34128,3.45344,-7.02146
61.742,-1.70864,-5.07018,3.36896,-6.77883
61.752,-1.73451,-4.82373,3.29216,-6.55825
61.763,-1.76297,-4.55264,3.20768,-6.31561
61.773,-1.78884,-4.30619,3.13088,-6.09503
61.784,-1.81729,-4.03509,3.0464,-5.85239
61.795,-1.84575,-3.764,2.96192,-5.60975
61.806,-1.87421,-3.49291,2.87744,-5.36711
61.816,-1.90007,-3.24646,2.80064,-5.14653
61.827,-1.92853,-2.97536,2.71616,-4.90389
61.837,-1.9544,-2.72891,2.63936,-4.68331
61.848,-1.98286,-2.45782,2.55488,-4.44067
61.859,-2.01131,-2.18672,2.4704,-4.19804
61.87,-2.03977,-1.91563,2.38592,-3.9554
61.88,-2.06564,-1.66918,2.30912,-3.73482
61.891,-2.09409,-1.39809,2.22464,-3.49218
61.901,-2.11996,-1.15164,2.14784,-3.2716
61.912,-2.14842,-0.880544,2.06336,-3.02896
61.923,-2.17687,-0.609449,1.97888,-2.78632
61.934,-2.20533,-0.338355,1.8944,-2.54368
61.944,-2.2312,-0.0919057,1.8176,-2.3231
61.955,-2.25965,0.179189,1.73312,-2.08047
61.965,-2.28552,0.425638,1.65632,-1.85988
61.976,-2.31398,0.696732,1.57184,-1.61725
61.987,-2.34243,0.967826,1.48736,-1.37461
61.998,-2.37089,1.23892,1.40288,-1.13197
62.008,-2.39676,1.48537,1.32608,-0.911389
62.019,-2.42522,1.75646,1.2416,-0.668751
62.029,-2.45108,2.00291,1.1648,-0.448171
62.04,-2.47954,2.27401,1.08032,-0.205532
62.051,-2.508,2.5451,0.99584,0.0371061
62.062,-2.53645,2.8162,0.91136,0.279744
62.072,-2.56232,3.06265,0.83456,0.500325
62.083,-2.59078,3.33374,0.75008,0.742963
62.093,-2.61665,3.58019,0.67328,0.963544
62.104,-2.6451,3.85128,0.5888,1.20618
62.115,-2.67356,4.12238,0.50432,1.44882
62.126,-2.70201,4.39347,0.41984,1.69146
62.136,-2.72788,4.63992,0.34304,1.91204
62.147,-2.75634,4.91102,0.25856,2.15468
62.158,-2.78479,5.18211,0.17408,2.39732
62.169,-2.81325,5.4532,0.0896,2.63995
62.179,-2.83912,5.69965,0.0128,2.86053
62.19,-2.86757,5.97075,-0.07168,3.10317
62.2,-2.89344,6.2172,-0.14848,3.32375
62.211,-2.9219,6.48829,-0.23296,3.56639
62.222,-2.95036,6.75939,-0.31744,3.80903
62.233,-2.97881,7.03048,-0.40192,4.05167
62.243,-3.00468,7.27693,-0.47872,4.27225
62.254,-3.03314,7.54802,-0.5632,4.51489
62.264,-3.05901,7.79447,-0.64,4.73547
62.275,-3.08746,8.06557,-0.72448,4.97811
62.286,-3.11592,8.33666,-0.80896,5.22074
62.297,-3.14437,8.60776,-0.89344,5.46338
62.307,-3.17024,8.8542,-0.97024,5.68396
62.318,-3.1987,9.1253,-1.05472,5.9266
62.328,-3.22457,9.37175,-1.13152,6.14718
62.339,-3.25302,9.64284,-1.216,6.38982
62.35,-3.28148,9.91394,-1.30048,6.63246
62.361,-3.30993,10.185,-1.38496,6.8751
62.371,-3.3358,10.4315,-1.46176,7.09568
62.382,-3.36426,10.7026,-1.54624,7.33832
62.392,-3.39013,10.949,-1.62304,7.5589
62.403,-3.41858,11.2201,-1.70752,7.80153
62.414,-3.44704,11.4912,-1.792,8.04417
62.425,-3.4755,11.7623,-1.87648,8.28681
62.435,-3.50136,12.0088,-1.95328,8.50739
62.446,-3.52982,12.2799,-2.03776,8.75003
62.456,-3.55569,12.5263,-2.11456,8.97061
62.467,-3.58415,12.7974,-2.19904,9.21325
62.478,-3.6126,13.0685,-2.28352,9.45589
62.489,-3.64106,13.3396,-2.368,9.69853
62.499,-3.66693,13.586,-2.4448,9.91911
62.51,-3.69538,13.8571,-2.52928,10.1617
62.52,-3.72125,14.1036,-2.60608,10.3823
62.531,-3.74971,14.3747,-2.69056,10.625
62.542,-3.77816,14.6458,-2.77504,10.8676
62.553,-3.80662,14.9169,-2.85952,11.1102
62.563,-3.83249,15.1633,-2.93632,11.3308
62.574,-3.86094,15.4344,-3.0208,11.5735
62.584,-3.88681,15.6809,-3.0976,11.794
62.595,-3.91527,15.9519,-3.18208,12.0367
62.606,-3.94372,16.223,-3.26656,12.2793
62.617,-3.97218,16.4941,-3.35104,12.522
62.627,-3.99805,16.7406,-3.42784,12.7425
62.638,-4.0265,17.0117,-3.51232,12.9852
62.648,-4.05237,17.2581,-3.58912,13.2058
62.659,-4.08083,17.5292,-3.6736,13.4484
62.67,-4.10929,17.8003,-3.75808,13.691
62.681,-4.13774,18.0714,-3.84256,13.9337
62.691,-4.16361,18.3179,-3.91936,14.1542
62.702,-4.19207,18.589,-4.00384,14.3969
62.712,-4.21794,18.8354,-4.08064,14.6175
62.723,-4.24639,19.1065,-4.16512,14.8601
62.734,-4.27485,19.3776,-4.2496,15.1027
62.745,-4.3033,19.6487,-4.33408,15.3454
62.755,-4.32917,19.8951,-4.41088,15.566
62.766,-4.35763,20.1662,-4.49536,15.8086
62.776,-4.3835,20.4127,-4.57216,16.0292
62.787,-4.41195,20.6838,-4.65664,16.2718
62.798,-4.44041,20.9549,-4.74112,16.5145
62.809,-4.46886,21.226,-4.8256,16.7571
62.823,-4.50508,21.571,-4.93312,17.0659
62.834,-4.53354,21.8421,-5.0176,17.3085
62.845,-4.56199,22.1132,-5.10208,17.5512
62.856,-4.59045,22.3843,-5.18656,17.7938
62.867,-4.6189,22.6554,-5.27104,18.0365
62.877,-4.64477,22.9018,-5.34784,18.257
62.888,-4.67323,23.1729,-5.43232,18.4997
62.898,-4.6991,23.4194,-5.50912,18.7203
62.909,-4.72755,23.6905,-5.5936,18.9629
62.92,-4.75601,23.9615,-5.67808,19.2055
62.931,-4.78447,24.2326,-5.76256,19.4482
62.941,-4.81033,24.4791,-5.83936,19.6688
62.952,-4.83879,24.7502,-5.92384,19.9114
62.962,-4.86466,24.9966,-6.00064,20.132
62.973,-4.89312,25.2677,-6.08512,20.3746
62.984,-4.92157,25.5388,-6.1696,20.6173
62.995,-4.95003,25.8099,-6.25408,20.8599
63.005,-4.9759,26.0564,-6.33088,21.0805
63.016,-4.53779,8.16038,-2.92673e-14,3.62259
63.026,-4.5174,8.13127,-2.90541e-14,3.61387
63.037,-4.49499,8.09925,-2.88196e-14,3.60427
63.048,-4.47257,8.06724,-2.85851e-14,3.59467
63.059,-4.45015,8.03522,-2.83507e-14,3.58508
63.069,-4.42977,8.00612,-2.81375e-14,3.57635
63.08,-4.40735,7.9741,-2.7903e-14,3.56675
63.09,-4.38697,7.94499,-2.76899e-14,3.55803
63.101,-4.36455,7.91298,-2.74554e-14,3.54843
63.112,-4.34213,7.88096,-2.72209e-14,3.53884
63.123,-4.31971,7.84895,-2.69864e-14,3.52924
63.133,-4.29933,7.81984,-2.67733e-14,3.52051
63.144,-4.27691,7.78782,-2.65388e-14,3.51092
63.154,-4.25653,7.75872,-2.63256e-14,3.50219
63.165,-4.23411,7.7267,-2.60911e-14,3.4926
63.176,-4.21169,7.69469,-2.58567e-14,3.483
63.187,-4.18927,7.66267,-2.56222e-14,3.4734
63.197,-4.16889,7.63356,-2.5409e-14,3.46468
63.208,-4.14647,7.60155,-2.51745e-14,3.45508
63.218,-4.12609,7.57244,-2.49614e-14,3.44636
63.229,-4.10367,7.54043,-2.47269e-14,3.43676
63.24,-4.08125,7.50841,-2.44924e-14,3.42716
63.251,-4.05883,7.47639,-2.42579e-14,3.41757
63.261,-4.03845,7.44729,-2.40448e-14,3.40884
63.272,-4.01603,7.41527,-2.38103e-14,3.39924
63.283,-3.99361,7.38326,-2.35758e-14,3.38965
63.294,-3.97119,7.35124,-2.33413e-14,3.38005
63.304,-3.95081,7.32213,-2.31282e-14,3.37133
63.315,-3.92839,7.29012,-2.28937e-14,3.36173
63.325,-3.90801,7.26101,-2.26805e-14,3.353
63.336,-3.88559,7.229,-2.2446e-14,3.34341
63.347,-3.86317,7.19698,-2.22116e-14,3.33381
63.358,-3.84075,7.16496,-2.19771e-14,3.32421
63.368,-3.82037,7.13586,-2.17639e-14,3.31549
63.379,-3.79795,7.10384,-2.15294e-14,3.30589
63.389,-3.77757,7.07474,-2.13163e-14,3.29717
63.4,-3.75515,7.04272,-2.10818e-14,3.28757
63.411,-3.73273,7.0107,-2.08473e-14,3.27797
63.422,-3.71031,6.97869,-2.06128e-14,3.26838
63.432,-3.68993,6.94958,-2.03997e-14,3.25965
63.443,-3.66751,6.91757,-2.01652e-14,3.25006
63.453,-3.64713,6.88846,-1.9952e-14,3.24133
63.465,-3.62267,6.85353,-1.96962e-14,3.23086
63.476,-3.60025,6.82152,-1.94618e-14,3.22127
63.487,-3.57783,6.7895,-1.92273e-14,3.21167
63.498,-3.55541,6.75748,-1.89928e-14,3.20207
63.508,-3.53503,6.72838,-1.87796e-14,3.19335
63.519,-3.51261,6.69636,-1.85452e-14,3.18375
63.529,-3.49223,6.66726,-1.8332e-14,3.17503
63.54,-3.46981,6.63524,-1.80975e-14,3.16543
63.551,-3.44739,6.60323,-1.7863e-14,3.15583
63.562,-3.42497,6.57121,-1.76286e-14,3.14624
63.572,-3.40459,6.5421,-1.74154e-14,3.13751
63.583,-3.38217,6.51009,-1.71809e-14,3.12791
63.593,-3.36179,6.48098,-1.69678e-14,3.11919
63.604,-3.33937,6.44897,-1.67333e-14,3.10959
63.615,-3.31695,6.41695,-1.64988e-14,3.1
63.626,-3.29453,6.38493,-1.62643e-14,3.0904
63.636,-3.27415,6.35583,-1.60512e-14,3.08167
63.647,-3.25173,6.32381,-1.58167e-14,3.07208
63.658,-3.22931,6.29179,-1.55822e-14,3.06248
63.669,-3.20689,6.25978,-1.53477e-14,3.05288
63.679,-3.18651,6.23067,-1.51346e-14,3.04416
63.69,-3.16409,6.19866,-1.49001e-14,3.03456
63.7,-3.14371,6.16955,-1.46869e-14,3.02584
63.711,-3.12129,6.13753,-1.44524e-14,3.01624
63.722,-3.09887,6.10552,-1.4218e-14,3.00664
63.733,-3.07646,6.0735,-1.39835e-14,2.99705
63.743,-3.05607,6.0444,-1.37703e-14,2.98832
63.754,-3.03365,6.01238,-1.35358e-14,2.97873
63.764,-3.01327,5.98328,-1.33227e-14,2.97
63.775,-2.99085,5.95126,-1.30882e-14,2.9604
63.786,-2.96843,5.91924,-1.28537e-14,2.95081
63.797,-2.94602,5.88723,-1.26192e-14,2.94121
63.807,-2.92563,5.85812,-1.24061e-14,2.93249
63.818,-2.90322,5.8261,-1.21716e-14,2.92289
63.828,-2.88283,5.797,-1.19584e-14,2.91417
63.839,-2.86041,5.76498,-1.1724e-14,2.90457
63.85,-2.838,5.73297,-1.14895e-14,2.89497
63.861,-2.81558,5.70095,-1.1255e-14,2.88537
63.871,-2.79519,5.67184,-1.10418e-14,2.87665
63.882,-2.77278,5.63983,-1.08074e-14,2.86705
63.892,-2.75239,5.61072,-1.05942e-14,2.85833
63.903,-2.72998,5.57871,-1.03597e-14,2.84873
63.914,-2.70756,5.54669,-1.01252e-14,2.83913
63.925,-2.68514,5.51467,-9.89075e-15,2.82954
63.935,-2.66476,5.48557,-9.67759e-15,2.82081
63.946,-2.64234,5.45355,-9.44311e-15,2.81122
63.956,-2.62195,5.42445,-9.22995e-15,2.80249
63.967,-2.59954,5.39243,-8.99547e-15,2.7929
63.978,-2.57712,5.36041,-8.76099e-15,2.7833
63.989,-2.5547,5.3284,-8.52651e-15,2.7737
63.999,-2.53432,5.29929,-8.31335e-15,2.76498
64.01,-2.5119,5.26728,-8.07887e-15,2.75538
64.021,-2.48948,5.23526,-7.84439e-15,2.74578
64.031,-2.4691,5.20615,-7.63123e-15,2.73706
64.042,-2.44668,5.17414,-7.39675e-15,2.72746
64.052,-2.4263,5.14503,-7.18359e-15,2.71874
64.063,-2.40388,5.11302,-6.94911e-15,2.70914
64.074,-2.38146,5.081,-6.71463e-15,2.69954
64.084,-2.36108,5.05189,-6.50147e-15,2.69082
64.095,-2.33866,5.01988,-6.26699e-15,2.68122
64.105,-2.31828,4.99077,-6.05382e-15,2.6725
64.116,-2.29586,4.95876,-5.81935e-15,2.6629
64.126,-2.27547,4.92965,-5.60618e-15,2.65418
64.137,-2.25306,4.89764,-5.3717e-15,2.64458
64.147,-2.23267,4.86853,-5.15854e-15,2.63586
64.158,-2.21025,4.83651,-4.92406e-15,2.62626
64.168,-2.18987,4.80741,-4.7109e-15,2.61753
64.179,-2.16745,4.77539,-4.47642e-15,2.60794
64.19,-2.14504,4.74338,-4.24194e-15,2.59834
64.2,-2.12465,4.71427,-4.02878e-15,2.58962
64.211,-2.10223,4.68225,-3.7943e-15,2.58002
64.221,-2.08185,4.65315,-3.58114e-15,2.57129
64.232,-2.05943,4.62113,-3.34666e-15,2.5617
64.242,-2.03905,4.59203,-3.13349e-15,2.55297
64.253,-2.01663,4.56001,-2.89901e-15,2.54338
64.263,-1.99625,4.5309,-2.68585e-15,2.53465
64.274,-1.97383,4.49889,-2.45137e-15,2.52505
64.284,-1.95345,4.46978,-2.23821e-15,2.51633
64.295,-1.93103,4.43777,-2.00373e-15,2.50673
64.305,-1.91065,4.40866,-1.79057e-15,2.49801
64.316,-1.88823,4.37664,-1.55609e-15,2.48841
64.327,-1.86581,4.34463,-1.32161e-15,2.47882
64.337,-1.84543,4.31552,-1.10845e-15,2.47009
64.348,-1.82301,4.28351,-8.73968e-16,2.46049
64.358,-1.80263,4.2544,-6.60805e-16,2.45177
64.369,-1.78021,4.22238,-4.26326e-16,2.44217
64.379,-1.75983,4.19328,-2.13163e-16,2.43345
64.39,-1.73741,4.16126,2.13163e-17,2.42385
64.4,-1.71703,4.13216,2.34479e-16,2.41513
64.411,-1.69461,4.10014,4.68958e-16,2.40553
64.421,-1.67423,4.07104,6.82121e-16,2.39681
64.432,-1.65181,4.03902,9.166e-16,2.38721
64.443,-1.62939,4.007,1.15108e-15,2.37761
64.453,-1.60901,3.9779,1.36424e-15,2.36889
64.464,-1.58659,3.94588,1.59872e-15,2.35929
64.474,-1.56621,3.91678,1.81188e-15,2.35057
64.485,-1.54379,3.88476,2.04636e-15,2.34097
64.495,-1.52341,3.85565,2.25953e-15,2.33224
64.506,-1.50099,3.82364,2.49401e-15,2.32265
64.516,-1.48061,3.79453,2.70717e-15,2.31392
64.527,-1.45819,3.76252,2.94165e-15,2.30433
64.537,-1.43781,3.73341,3.15481e-15,2.2956
64.548,-1.41539,3.70139,3.38929e-15,2.286
64.558,-1.39501,3.67229,3.60245e-15,2.27728
64.569,-1.37259,3.64027,3.83693e-15,2.26768
64.58,-1.35017,3.60826,4.07141e-15,2.25809
64.59,-1.32979,3.57915,4.28457e-15,2.24936
64.601,-1.30737,3.54713,4.51905e-15,2.23977
64.611,-1.28699,3.51803,4.73221e-15,2.23104
64.622,-1.26457,3.48601,4.96669e-15,2.22144
64.632,-1.24419,3.45691,5.17986e-15,2.21272
64.643,-1.22177,3.42489,5.41434e-15,2.20312
64.653,-1.20139,3.39578,5.6275e-15,2.1944
64.664,-1.17897,3.36377,5.86198e-15,2.1848
64.674,-1.15859,3.33466,6.07514e-15,2.17608
64.685,-1.13617,3.30265,6.30962e-15,2.16648
64.696,-1.11375,3.27063,6.5441e-15,2.15688
64.706,-1.09337,3.24152,6.75726e-15,2.14816
64.717,-1.07095,3.20951,6.99174e-15,2.13856
64.727,-1.05057,3.1804,7.2049e-15,2.12984
64.738,-1.02815,3.14839,7.43938e-15,2.12024
64.748,-1.00777,3.11928,7.65255e-15,2.11152
64.759,-0.985346,3.08726,7.88702e-15,2.10192
64.769,-0.964965,3.05816,8.10019e-15,2.09319
64.78,-0.942545,3.02614,8.33467e-15,2.0836
64.79,-0.922164,2.99704,8.54783e-15,2.07487
64.801,-0.899745,2.96502,8.78231e-15,2.06528
64.811,-0.879364,2.93592,8.99547e-15,2.05655
64.822,-0.856944,2.9039,9.22995e-15,2.04695
64.833,-0.834525,2.87188,9.46443e-15,2.03736
64.843,-0.814144,2.84278,9.67759e-15,2.02863
64.854,-0.791725,2.81076,9.91207e-15,2.01904
64.864,-0.771343,2.78166,1.01252e-14,2.01031
64.875,-0.748924,2.74964,1.03597e-14,2.00072
64.885,-0.728543,2.72053,1.05729e-14,1.99199
64.896,-0.706124,2.68852,1.08074e-14,1.98239
64.906,-0.685742,2.65941,1.10205e-14,1.97367
64.917,-0.663323,2.6274,1.1255e-14,1.96407
64.927,-0.642942,2.59829,1.14682e-14,1.95535
64.938,-0.620523,2.56627,1.17026e-14,1.94575
64.949,-0.598103,2.53426,1.19371e-14,1.93615
64.959,-0.577722,2.50515,1.21503e-14,1.92743
64.97,-0.555303,2.47314,1.23848e-14,1.91783
64.98,-0.534922,2.44403,1.25979e-14,1.90911
64.991,-0.512502,2.41201,1.28324e-14,1.89951
65.001,-0.492121,2.38291,1.30456e-14,1.89079
65.012,-0.469702,2.35089,1.328e-14,1.88119
65.022,-0.449321,2.32179,1.34932e-14,1.87247
65.033,-0.426901,2.28977,1.37277e-14,1.86287
65.043,-0.40652,2.26066,1.39408e-14,1.85414
65.054,-0.384101,2.22865,1.41753e-14,1.84455
65.065,-0.361682,2.19663,1.44098e-14,1.83495
65.075,-0.3413,2.16753,1.4623e-14,1.82623
65.086,-0.318881,2.13551,1.48574e-14,1.81663
65.096,-0.2985,2.1064,1.50706e-14,1.8079
65.107,-0.276081,2.07439,1.53051e-14,1.79831
65.117,-0.2557,2.04528,1.55183e-14,1.78958
65.128,-0.23328,2.01327,1.57527e-14,1.77999
65.138,-0.212899,1.98416,1.59659e-14,1.77126
65.149,-0.19048,1.95215,1.62004e-14,1.76167
65.159,-0.170099,1.92304,1.64135e-14,1.75294
65.17,-0.147679,1.89102,1.6648e-14,1.74334
65.18,-0.127298,1.86192,1.68612e-14,1.73462
65.191,-0.104879,1.8299,1.70957e-14,1.72502
65.202,-0.0824595,1.79789,1.73301e-14,1.71543
65.212,-0.0620783,1.76878,1.75433e-14,1.7067
65.223,-0.039659,1.73676,1.77778e-14,1.6971
65.233,-0.0192778,1.70766,1.79909e-14,1.68838
65.244,0.00314149,1.67564,1.82254e-14,1.67878
65.254,0.0235227,1.64654,1.84386e-14,1.67006
65.265,0.045942,1.61452,1.86731e-14,1.66046
65.275,0.0663232,1.58541,1.88862e-14,1.65174
65.286,0.0887425,1.5534,1.91207e-14,1.64214
65.296,0.109124,1.52429,1.93339e-14,1.63342
65.307,0.131543,1.49228,1.95683e-14,1.62382
65.318,0.153962,1.46026,1.98028e-14,1.61422
65.328,0.174343,1.43115,2.0016e-14,1.6055
65.339,0.196763,1.39914,2.02505e-14,1.5959
65.349,0.217144,1.37003,2.04636e-14,1.58718
65.36,0.239563,1.33802,2.06981e-14,1.57758
65.37,0.259944,1.30891,2.09113e-14,1.56885
65.381,0.282364,1.27689,2.11458e-14,1.55926
65.391,0.302745,1.24779,2.13589e-14,1.55053
65.402,0.325164,1.21577,2.15934e-14,1.54094
65.412,0.345545,1.18667,2.18066e-14,1.53221
65.423,0.367965,1.15465,2.2041e-14,1.52262
65.433,0.388346,1.12555,2.22542e-14,1.51389
65.444,0.410765,1.09353,2.24887e-14,1.50429
65.455,0.433184,1.06151,2.27232e-14,1.4947
65.465,0.453566,1.03241,2.29363e-14,1.48597
65.476,0.475985,1.00039,2.31708e-14,1.47638
65.486,0.496366,0.971285,2.3384e-14,1.46765
65.497,0.518785,0.939269,2.36184e-14,1.45805
65.507,0.539167,0.910163,2.38316e-14,1.44933
65.518,-0.496148,0.901432,-1.59232,0.405284
65.528,-0.503972,0.930537,-1.57312,0.426566
65.539,-0.512578,0.962554,-1.552,0.449976
65.549,-0.520401,0.991659,-1.5328,0.471258
65.561,-0.52979,1.02659,-1.50976,0.496796
65.572,-0.538396,1.0586,-1.48864,0.520206
65.583,-0.547002,1.09062,-1.46752,0.543616
65.593,-0.554826,1.11972,-1.44832,0.564898
65.604,-0.563432,1.15174,-1.4272,0.588308
65.614,-0.571256,1.18085,-1.408,0.60959
65.625,-0.579862,1.21286,-1.38688,0.633
65.635,-0.587686,1.24197,-1.36768,0.654282
65.646,-0.596292,1.27398,-1.34656,0.677692
65.656,-0.604116,1.30309,-1.32736,0.698974
65.667,-0.612722,1.33511,-1.30624,0.722384
65.677,-0.620546,1.36421,-1.28704,0.743666
65.688,-0.629152,1.39623,-1.26592,0.767076
65.699,-0.637758,1.42824,-1.2448,0.790486
65.709,-0.645582,1.45735,-1.2256,0.811768
65.72,-0.654188,1.48937,-1.20448,0.835178
65.73,-0.662012,1.51847,-1.18528,0.85646
65.741,-0.670618,1.55049,-1.16416,0.87987
65.751,-0.678441,1.57959,-1.14496,0.901152
65.762,-0.687048,1.61161,-1.12384,0.924562
65.772,-0.694871,1.64071,-1.10464,0.945843
65.783,-0.703477,1.67273,-1.08352,0.969254
65.793,-0.711301,1.70184,-1.06432,0.990535
65.804,-0.719907,1.73385,-1.0432,1.01395
65.815,-0.728513,1.76587,-1.02208,1.03736
65.825,-0.736337,1.79497,-1.00288,1.05864
65.836,-0.744943,1.82699,-0.98176,1.08205
65.846,-0.752767,1.8561,-0.96256,1.10333
65.857,-0.761373,1.88811,-0.94144,1.12674
65.867,-0.769197,1.91722,-0.92224,1.14802
65.878,-0.777803,1.94923,-0.90112,1.17143
65.888,-0.785627,1.97834,-0.88192,1.19271
65.899,-0.794233,2.01036,-0.8608,1.21612
65.909,-0.802057,2.03946,-0.8416,1.23741
65.92,-0.810663,2.07148,-0.82048,1.26082
65.93,-0.818487,2.10058,-0.80128,1.2821
65.941,-0.827093,2.1326,-0.78016,1.30551
65.952,-0.835699,2.16462,-0.75904,1.32892
65.962,-0.843523,2.19372,-0.73984,1.3502
65.973,-0.852129,2.22574,-0.71872,1.37361
65.983,-0.859953,2.25484,-0.69952,1.39489
65.994,-0.868559,2.28686,-0.6784,1.4183
66.004,-0.876383,2.31597,-0.6592,1.43958
66.015,-0.884989,2.34798,-0.63808,1.46299
66.025,-0.892813,2.37709,-0.61888,1.48427
66.036,-0.901419,2.4091,-0.59776,1.50768
66.046,-0.909242,2.43821,-0.57856,1.52897
66.057,-0.917849,2.47023,-0.55744,1.55238
66.068,-0.926455,2.50224,-0.53632,1.57579
66.078,-0.934278,2.53135,-0.51712,1.59707
66.089,-0.942885,2.56336,-0.496,1.62048
66.099,-0.950708,2.59247,-0.4768,1.64176
66.11,-0.959314,2.62449,-0.45568,1.66517
66.12,-0.967138,2.65359,-0.43648,1.68645
66.131,-0.975744,2.68561,-0.41536,1.70986
66.141,-0.983568,2.71471,-0.39616,1.73114
66.152,-0.992174,2.74673,-0.37504,1.75455
66.162,-0.999998,2.77583,-0.35584,1.77584
66.173,-1.0086,2.80785,-0.33472,1.79925
66.183,-1.01643,2.83696,-0.31552,1.82053
66.194,-1.02503,2.86897,-0.2944,1.84394
66.205,-1.03364,2.90099,-0.27328,1.86735
66.215,-1.04146,2.93009,-0.25408,1.88863
66.226,-1.05007,2.96211,-0.23296,1.91204
66.236,-1.05789,2.99122,-0.21376,1.93332
66.247,-1.0665,3.02323,-0.19264,1.95673
66.257,-1.07432,3.05234,-0.17344,1.97801
66.268,-1.08293,3.08435,-0.15232,2.00142
66.278,-1.09075,3.11346,-0.13312,2.02271
66.289,-1.09936,3.14548,-0.112,2.04612
66.299,-1.10718,3.17458,-0.0928,2.0674
66.31,-1.11579,3.2066,-0.07168,2.09081
66.321,-1.1244,3.23861,-0.05056,2.11422
66.331,-1.13222,3.26772,-0.03136,2.1355
66.342,-1.14083,3.29974,-0.01024,2.15891
66.352,-1.14865,3.32884,0.00896,2.18019
66.363,-1.15726,3.36086,0.03008,2.2036
66.373,-1.16508,3.38996,0.04928,2.22488
66.384,-1.17369,3.42198,0.0704,2.24829
66.394,-1.18151,3.45109,0.0896,2.26958
66.405,-1.19012,3.4831,0.11072,2.29299
66.415,-1.19794,3.51221,0.12992,2.31427
66.426,-1.20655,3.54422,0.15104,2.33768
66.436,-1.21437,3.57333,0.17024,2.35896
66.447,-1.22298,3.60534,0.19136,2.38237
66.458,-1.23158,3.63736,0.21248,2.40578
66.468,-1.23941,3.66647,0.23168,2.42706
66.479,-1.24801,3.69848,0.2528,2.45047
66.489,-1.25584,3.72759,0.272,2.47175
66.5,-1.26444,3.7596,0.29312,2.49516
66.51,-1.27226,3.78871,0.31232,2.51645
66.521,-1.28087,3.82073,0.33344,2.53986
66.531,-1.28869,3.84983,0.35264,2.56114
66.542,-1.2973,3.88185,0.37376,2.58455
66.552,-1.30512,3.91095,0.39296,2.60583
66.563,-1.31373,3.94297,0.41408,2.62924
66.574,-1.32234,3.97499,0.4352,2.65265
66.584,-1.33016,4.00409,0.4544,2.67393
66.595,-1.33877,4.03611,0.47552,2.69734
66.605,-1.34659,4.06521,0.49472,2.71862
66.616,-1.3552,4.09723,0.51584,2.74203
66.629,-1.36537,4.13507,0.5408,2.7697
66.64,-1.37397,4.16708,0.56192,2.79311
66.65,-1.3818,4.19619,0.58112,2.81439
66.661,-1.3904,4.22821,0.60224,2.8378
66.676,-1.40214,4.27186,0.63104,2.86972
66.686,-1.40996,4.30097,0.65024,2.89101
66.697,-1.41857,4.33299,0.67136,2.91442
66.708,-1.42718,4.365,0.69248,2.93783
66.718,-1.435,4.39411,0.71168,2.95911
66.729,-1.44361,4.42612,0.7328,2.98252
66.739,-1.45143,4.45523,0.752,3.0038
66.75,-1.46004,4.48725,0.77312,3.02721
66.76,-1.46786,4.51635,0.79232,3.04849
66.771,-1.47647,4.54837,0.81344,3.0719
66.781,-1.48429,4.57747,0.83264,3.09318
66.792,-1.4929,4.60949,0.85376,3.11659
66.802,-1.50072,4.63859,0.87296,3.13788
66.813,-1.50932,4.67061,0.89408,3.16129
66.824,-1.51793,4.70263,0.9152,3.1847
66.834,-1.52575,4.73173,0.9344,3.20598
66.845,-1.53436,4.76375,0.95552,3.22939
66.855,-1.54218,4.79285,0.97472,3.25067
66.866,-1.55079,4.82487,0.99584,3.27408
66.876,-1.55861,4.85398,1.01504,3.29536
66.887,-1.56722,4.88599,1.03616,3.31877
66.897,-1.57504,4.9151,1.05536,3.34005
66.915,-1.58913,4.96749,1.08992,3.37836
66.926,-1.59773,4.9995,1.11104,3.40177
66.936,-1.60556,5.02861,1.13024,3.42305
66.947,-1.61416,5.06063,1.15136,3.44646
66.958,-1.62277,5.09264,1.17248,3.46987
66.968,-1.63059,5.12175,1.19168,3.49116
66.979,-1.6392,5.15376,1.2128,3.51457
66.989,-1.64702,5.18287,1.232,3.53585
67,-1.65563,5.21489,1.25312,3.55926
67.01,-1.66345,5.24399,1.27232,3.58054
67.021,-1.67206,5.27601,1.29344,3.60395
67.031,-1.67988,5.30511,1.31264,3.62523
67.042,-1.68849,5.33713,1.33376,3.64864
67.052,-1.69631,5.36624,1.35296,3.66992
67.063,-1.70492,5.39825,1.37408,3.69333
67.074,-1.71353,5.43027,1.3952,3.71674
67.084,-1.72135,5.45937,1.4144,3.73802
67.095,-1.72996,5.49139,1.43552,3.76143
67.105,-1.73778,5.5205,1.45472,3.78272
67.116,-1.74638,5.55251,1.47584,3.80613
67.126,-1.75421,5.58162,1.49504,3.82741
67.137,-1.76281,5.61363,1.51616,3.85082
67.147,-1.77064,5.64274,1.53536,3.8721
67.158,-1.77924,5.67476,1.55648,3.89551
67.168,-1.78707,5.70386,1.57568,3.91679
67.179,-1.79567,5.73588,1.5968,3.9402
67.19,-1.80428,5.76789,1.61792,3.96361
67.2,-1.8121,5.797,1.63712,3.98489
67.211,-1.82071,5.82902,1.65824,4.0083
67.221,-1.82853,5.85812,1.67744,4.02959
67.232,-1.83714,5.89014,1.69856,4.053
67.242,-1.84496,5.91924,1.71776,4.07428
67.253,-1.85357,5.95126,1.73888,4.09769
67.263,-1.86139,5.98036,1.75808,4.11897
67.274,-1.87,6.01238,1.7792,4.14238
67.284,-1.87782,6.04149,1.7984,4.16366
67.295,-1.88643,6.0735,1.81952,4.18707
67.305,-1.89425,6.10261,1.83872,4.20835
67.316,-1.90286,6.13462,1.85984,4.23176
67.327,-1.91147,6.16664,1.88096,4.25517
67.337,-1.91929,6.19575,1.90016,4.27646
67.348,-1.9279,6.22776,1.92128,4.29987
67.358,-1.93572,6.25687,1.94048,4.32115
67.369,-1.94433,6.28888,1.9616,4.34456
67.379,-1.95215,6.31799,1.9808,4.36584
67.39,-1.96076,6.35001,2.00192,4.38925
67.4,-1.96858,6.37911,2.02112,4.41053
67.411,-1.97719,6.41113,2.04224,4.43394
67.421,-1.98501,6.44023,2.06144,4.45522
67.432,-1.99362,6.47225,2.08256,4.47863
67.443,-2.00222,6.50427,2.10368,4.50204
67.453,-2.01005,6.53337,2.12288,4.52333
67.464,-2.01865,6.56539,2.144,4.54674
67.474,-2.02648,6.59449,2.1632,4.56802
67.485,-2.03508,6.62651,2.18432,4.59143
67.495,-2.04291,6.65562,2.20352,4.61271
67.506,-2.05151,6.68763,2.22464,4.63612
67.516,-2.05934,6.71674,2.24384,4.6574
67.527,-2.06794,6.74875,2.26496,4.68081
67.537,-2.07577,6.77786,2.28416,4.70209
67.548,-2.08437,6.80988,2.30528,4.7255
67.558,-2.0922,6.83898,2.32448,4.74679
67.569,-2.1008,6.871,2.3456,4.7702
67.58,-2.10941,6.90301,2.36672,4.79361
67.59,-2.11723,6.93212,2.38592,4.81489
67.601,-2.12584,6.96413,2.40704,4.8383
67.611,-2.13366,6.99324,2.42624,4.85958
67.622,-2.14227,7.02526,2.44736,4.88299
67.632,-2.15009,7.05436,2.46656,4.90427
67.643,-2.1587,7.08638,2.48768,4.92768
67.653,-2.16652,7.11548,2.50688,4.94896
67.664,-2.17513,7.1475,2.528,4.97237
67.674,-2.18295,7.17661,2.5472,4.99366
67.685,-2.19156,7.20862,2.56832,5.01707
67.696,-2.20016,7.24064,2.58944,5.04048
67.706,-2.20799,7.26974,2.60864,5.06176
67.717,-2.21659,7.30176,2.62976,5.08517
67.727,-2.22442,7.33087,2.64896,5.10645
67.738,-2.23302,7.36288,2.67008,5.12986
67.748,-2.24085,7.39199,2.68928,5.15114
67.759,-2.24945,7.424,2.7104,5.17455
67.769,-2.25728,7.45311,2.7296,5.19583
67.78,-2.26588,7.48513,2.75072,5.21924
67.79,-2.27371,7.51423,2.76992,5.24052
67.801,-2.28231,7.54625,2.79104,5.26393
67.811,-2.29014,7.57535,2.81024,5.28522
67.822,-2.29874,7.60737,2.83136,5.30863
67.833,-2.30735,7.63939,2.85248,5.33204
67.843,-2.31517,7.66849,2.87168,5.35332
67.854,-2.32378,7.70051,2.8928,5.37673
67.864,-2.3316,7.72961,2.912,5.39801
67.875,-2.34021,7.76163,2.93312,5.42142
67.885,-2.34803,7.79073,2.95232,5.4427
67.896,-2.35664,7.82275,2.97344,5.46611
67.906,-2.36446,7.85186,2.99264,5.48739
67.917,-2.37307,7.88387,3.01376,5.5108
67.927,-2.38089,7.91298,3.03296,5.53209
67.938,-2.3895,7.94499,3.05408,5.5555
67.949,-2.3981,7.97701,3.0752,5.57891
67.959,-2.40593,8.00612,3.0944,5.60019
67.97,-2.41453,8.03813,3.11552,5.6236
67.98,-2.42236,8.06724,3.13472,5.64488
67.991,-2.43096,8.09925,3.15584,5.66829
68.001,-2.43879,8.12836,3.17504,5.68957
68.012,-2.44739,8.16038,3.19616,5.71298
68.022,-15.7175,26.081,12.6925,10.3635
68.033,-15.532,25.8099,12.5446,10.2779
68.043,-15.3633,25.5635,12.4102,10.2001
68.054,-15.1778,25.2924,12.2624,10.1146
68.065,-14.9923,25.0213,12.1146,10.029
68.075,-14.8236,24.7748,11.9802,9.95124
68.086,-14.6381,24.5037,11.8323,9.86568
68.096,-14.4694,24.2573,11.6979,9.78789
68.107,-14.2839,23.9862,11.5501,9.70233
68.117,-14.1152,23.7397,11.4157,9.62455
68.128,-13.9297,23.4686,11.2678,9.53898
68.138,-13.761,23.2222,11.1334,9.4612
68.149,-13.5755,22.9511,10.9856,9.37564
68.159,-13.4068,22.7047,10.8512,9.29785
68.17,-13.2213,22.4336,10.7034,9.21229
68.18,-13.0526,22.1871,10.569,9.13451
68.191,-12.8671,21.916,10.4211,9.04895
68.202,-12.6815,21.6449,10.2733,8.96339
68.212,-12.5129,21.3985,10.1389,8.8856
68.223,-12.3273,21.1274,9.99104,8.80004
68.233,-12.1587,20.8809,9.85664,8.72226
68.244,-11.9731,20.6098,9.7088,8.63669
68.254,-11.8045,20.3634,9.5744,8.55891
68.265,-11.6189,20.0923,9.42656,8.47335
68.275,-11.4503,19.8458,9.29216,8.39556
68.286,-11.2647,19.5747,9.14432,8.31
68.296,-11.0961,19.3283,9.00992,8.23222
68.307,-10.9105,19.0572,8.86208,8.14666
68.318,-10.725,18.7861,8.71424,8.0611
68.328,-10.5564,18.5397,8.57984,7.98331
68.339,-10.3708,18.2686,8.432,7.89775
68.349,-10.2022,18.0221,8.2976,7.81997
68.36,-10.0166,17.751,8.14976,7.7344
68.37,-9.84796,17.5046,8.01536,7.65662
68.381,-9.66242,17.2335,7.86752,7.57106
68.391,-9.49376,16.987,7.73312,7.49328
68.402,-9.30822,16.7159,7.58528,7.40771
68.412,-9.13956,16.4695,7.45088,7.32993
68.423,-8.95403,16.1984,7.30304,7.24437
68.433,-8.78536,15.9519,7.16864,7.16658
68.444,-8.59983,15.6809,7.0208,7.08102
68.455,-8.4143,15.4098,6.87296,6.99546
68.465,-8.24563,15.1633,6.73856,6.91768
68.476,-8.0601,14.8922,6.59072,6.83211
68.486,-7.89143,14.6458,6.45632,6.75433
68.497,-7.7059,14.3747,6.30848,6.66877
68.507,-7.53723,14.1282,6.17408,6.59099
68.518,-7.3517,13.8571,6.02624,6.50542
68.528,-7.18304,13.6107,5.89184,6.42764
68.539,-6.9975,13.3396,5.744,6.34208
68.549,-6.82884,13.0931,5.6096,6.26429
68.56,-6.64331,12.822,5.46176,6.17873
68.571,-6.45777,12.5509,5.31392,6.09317
68.581,-6.28911,12.3045,5.17952,6.01539
68.592,-6.10358,12.0334,5.03168,5.92982
68.602,-5.93491,11.787,4.89728,5.85204
68.613,-5.74938,11.5159,4.74944,5.76648
68.623,-5.58071,11.2694,4.61504,5.6887
68.634,-5.39518,10.9983,4.4672,5.60313
68.644,-5.22651,10.7519,4.3328,5.52535
68.655,-5.04098,10.4808,4.18496,5.43979
68.665,-4.87232,10.2343,4.05056,5.362
68.676,-4.68678,9.96323,3.90272,5.27644
68.686,-4.51812,9.71678,3.76832,5.19866
68.697,-4.33259,9.44568,3.62048,5.1131
68.708,-4.14705,9.17459,3.47264,5.02753
68.718,-3.97839,8.92814,3.33824,4.94975
68.729,-3.79286,8.65705,3.1904,4.86419
68.739,-3.62419,8.4106,3.056,4.78641
68.75,-3.43866,8.1395,2.90816,4.70084
68.76,-3.26999,7.89305,2.77376,4.62306
68.771,-3.08446,7.62196,2.62592,4.5375
68.781,-2.91579,7.37551,2.49152,4.45971
68.792,-2.73026,7.10441,2.34368,4.37415
68.802,-2.5616,6.85797,2.20928,4.29637
68.813,-2.37606,6.58687,2.06144,4.21081
68.824,-2.19053,6.31578,1.9136,4.12524
68.834,-2.02187,6.06933,1.7792,4.04746
68.845,-1.83633,5.79823,1.63136,3.9619
68.855,-1.66767,5.55178,1.49696,3.88412
68.866,-1.48214,5.28069,1.34912,3.79855
68.876,-1.31347,5.03424,1.21472,3.72077
68.887,-1.12794,4.76315,1.06688,3.63521
68.897,-0.959272,4.5167,0.93248,3.55742
68.908,-0.77374,4.2456,0.78464,3.47186
68.918,-0.605074,3.99915,0.65024,3.39408
68.929,-0.419542,3.72806,0.5024,3.30852
68.94,-0.23401,3.45696,0.35456,3.22295
68.95,-0.0653441,3.21052,0.22016,3.14517
68.961,0.120188,2.93942,0.0723199,3.05961
68.971,0.288854,2.69297,-0.0620801,2.98183
68.982,0.474386,2.42188,-0.20992,2.89626
68.992,0.643052,2.17543,-0.34432,2.81848
69.003,0.828584,1.90433,-0.49216,2.73292
69.013,0.99725,1.65788,-0.62656,2.65513
69.024,1.18278,1.38679,-0.7744,2.56957
69.034,1.35145,1.14034,-0.9088,2.49179
69.045,1.53698,0.869247,-1.05664,2.40623
69.055,1.70565,0.622797,-1.19104,2.32844
69.066,1.89118,0.351703,-1.33888,2.24288
69.079,2.11044,0.0313189,-1.5136,2.14176
69.089,2.27911,-0.21513,-1.648,2.06398
69.099,2.44777,-0.46158,-1.7824,1.9862
69.11,2.63331,-0.732674,-1.93024,1.90063
69.12,2.80197,-0.979123,-2.06464,1.82285
69.131,2.98751,-1.25022,-2.21248,1.73729
69.141,3.15617,-1.49667,-2.34688,1.6595
69.152,3.3417,-1.76776,-2.49472,1.57394
69.162,3.51037,-2.01421,-2.62912,1.49616
69.173,3.6959,-2.2853,-2.77696,1.4106
69.183,3.86457,-2.53175,-2.91136,1.33281
69.194,4.0501,-2.80285,-3.0592,1.24725
69.205,4.23563,-3.07394,-3.20704,1.16169
69.215,4.4043,-3.32039,-3.34144,1.08391
69.226,4.58983,-3.59149,-3.48928,0.998343
69.236,4.7585,-3.83794,-3.62368,0.92056
69.247,4.94403,-4.10903,-3.77152,0.834998
69.257,5.11269,-4.35548,-3.90592,0.757214
69.268,5.29823,-4.62657,-4.05376,0.671652
69.278,5.46689,-4.87302,-4.18816,0.593869
69.289,5.65242,-5.14412,-4.336,0.508307
69.299,5.82109,-5.39057,-4.4704,0.430523
69.31,6.00662,-5.66166,-4.61824,0.344961
69.321,6.19215,-5.93275,-4.76608,0.259399
69.331,6.36082,-6.1792,-4.90048,0.181615
69.342,6.54635,-6.4503,-5.04832,0.0960535
69.352,6.71502,-6.69675,-5.18272,0.0182698
69.363,6.90055,-6.96784,-5.33056,-0.0672921
69.373,7.06922,-7.21429,-5.46496,-0.145076
69.384,7.25475,-7.48539,-5.6128,-0.230638
69.394,7.42341,-7.73183,-5.7472,-0.308421
69.405,7.60895,-8.00293,-5.89504,-0.393983
69.415,7.77761,-8.24938,-6.02944,-0.471767
69.426,7.96314,-8.52047,-6.17728,-0.557329
69.436,8.13181,-8.76692,-6.31168,-0.635112
69.447,8.31734,-9.03802,-6.45952,-0.720674
69.458,8.50287,-9.30911,-6.60736,-0.806236
69.468,8.67154,-9.55556,-6.74176,-0.88402
69.479,8.85707,-9.82665,-6.8896,-0.969582
69.489,9.02574,-10.0731,-7.024,-1.04737
69.5,9.21127,-10.3442,-7.17184,-1.13293
69.51,9.37994,-10.5906,-7.30624,-1.21071
69.521,9.56547,-10.8617,-7.45408,-1.29627
69.531,9.73413,-11.1082,-7.58848,-1.37406
69.542,9.91967,-11.3793,-7.73632,-1.45962
69.552,10.0883,-11.6257,-7.87072,-1.5374
69.563,10.2739,-11.8968,-8.01856,-1.62296
69.574,10.4594,-12.1679,-8.1664,-1.70853
69.584,10.6281,-12.4144,-8.3008,-1.78631
69.595,10.8136,-12.6855,-8.44864,-1.87187
69.605,10.9823,-12.9319,-8.58304,-1.94966
69.616,11.1678,-13.203,-8.73088,-2.03522
69.626,11.3365,-13.4495,-8.86528,-2.113
69.637,11.522,-13.7206,-9.01312,-2.19856
69.647,11.6907,-13.967,-9.14752,-2.27635
69.658,11.8762,-14.2381,-9.29536,-2.36191
69.668,12.0449,-14.4845,-9.42976,-2.43969
69.679,12.2304,-14.7556,-9.5776,-2.52525
69.69,12.4159,-15.0267,-9.72544,-2.61082
69.7,12.5846,-15.2732,-9.85984,-2.6886
69.711,12.7701,-15.5443,-10.0077,-2.77416
69.721,12.9388,-15.7907,-10.1421,-2.85195
69.732,13.1243,-16.0618,-10.2899,-2.93751
69.742,13.293,-16.3083,-10.4243,-3.01529
69.753,13.4785,-16.5794,-10.5722,-3.10085
69.763,13.6472,-16.8258,-10.7066,-3.17864
69.774,13.8327,-17.0969,-10.8544,-3.2642
69.784,14.0014,-17.3434,-10.9888,-3.34198
69.795,14.1869,-17.6145,-11.1366,-3.42754
69.805,14.3556,-17.8609,-11.271,-3.50533
69.816,14.5411,-18.132,-11.4189,-3.59089
69.827,14.7266,-18.4031,-11.5667,-3.67645
69.837,14.8953,-18.6495,-11.7011,-3.75424
69.848,15.0808,-18.9206,-11.849,-3.8398
69.858,15.2495,-19.1671,-11.9834,-3.91758
69.869,15.435,-19.4382,-12.1312,-4.00314
69.879,15.6037,-19.6846,-12.2656,-4.08093
69.89,15.7892,-19.9557,-12.4134,-4.16649
69.9,15.9579,-20.2022,-12.5478,-4.24427
69.911,16.1434,-20.4733,-12.6957,-4.32983
69.921,16.3121,-20.7197,-12.8301,-4.40762
69.932,16.4976,-20.9908,-12.9779,-4.49318
69.943,16.6832,-21.2619,-13.1258,-4.57874
69.953,16.8518,-21.5084,-13.2602,-4.65653
69.964,17.0374,-21.7794,-13.408,-4.74209
69.974,17.206,-22.0259,-13.5424,-4.81987
69.985,17.3916,-22.297,-13.6902,-4.90543
69.995,17.5602,-22.5434,-13.8246,-4.98322
70.006,17.7458,-22.8145,-13.9725,-5.06878
70.016,17.9144,-23.061,-14.1069,-5.14656
70.027,18.1,-23.3321,-14.2547,-5.23212
70.037,18.2686,-23.5785,-14.3891,-5.30991
70.048,18.4542,-23.8496,-14.537,-5.39547
70.058,18.6228,-24.0961,-14.6714,-5.47325
70.069,18.8083,-24.3672,-14.8192,-5.55882
70.08,18.9939,-24.6383,-14.967,-5.64438
70.09,19.1625,-24.8847,-15.1014,-5.72216
70.101,19.3481,-25.1558,-15.2493,-5.80772
70.111,19.5167,-25.4023,-15.3837,-5.88551
70.122,19.7023,-25.6733,-15.5315,-5.97107
70.132,19.8709,-25.9198,-15.6659,-6.04885
70.143,20.0565,-26.1909,-15.8138,-6.13441
70.153,20.2251,-26.4373,-15.9482,-6.2122
70.164,20.4107,-26.7084,-16.096,-6.29776
70.174,20.5793,-26.9549,-16.2304,-6.37554
70.185,20.7649,-27.226,-16.3782,-6.46111
70.196,20.9504,-27.4971,-16.5261,-6.54667
70.206,21.1191,-27.7435,-16.6605,-6.62445
70.217,21.3046,-28.0146,-16.8083,-6.71001
70.227,21.4733,-28.2611,-16.9427,-6.7878
70.238,21.6588,-28.5322,-17.0906,-6.87336
70.248,21.8275,-28.7786,-17.225,-6.95114
70.259,22.013,-29.0497,-17.3728,-7.0367
70.269,22.1817,-29.2962,-17.5072,-7.11449
70.28,22.3672,-29.5672,-17.655,-7.20005
70.29,22.5359,-29.8137,-17.7894,-7.27783
70.301,22.7214,-30.0848,-17.9373,-7.3634
70.311,22.8901,-30.3312,-18.0717,-7.44118
70.322,23.0756,-30.6023,-18.2195,-7.52674
70.333,23.2611,-30.8734,-18.3674,-7.6123
70.343,23.4298,-31.1199,-18.5018,-7.69009
70.354,23.6153,-31.391,-18.6496,-7.77565
70.364,23.784,-31.6374,-18.784,-7.85343
70.375,23.9695,-31.9085,-18.9318,-7.93899
70.385,24.1382,-32.155,-19.0662,-8.01678
70.396,24.3237,-32.4261,-19.2141,-8.10234
70.406,24.4924,-32.6725,-19.3485,-8.18012
70.417,24.6779,-32.9436,-19.4963,-8.26568
70.427,24.8466,-33.19,-19.6307,-8.34347
70.438,25.0321,-33.4611,-19.7786,-8.42903
70.449,25.2176,-33.7322,-19.9264,-8.51459
70.459,25.3863,-33.9787,-20.0608,-8.59238
70.47,25.5718,-34.2498,-20.2086,-8.67794
70.48,25.7405,-34.4962,-20.343,-8.75572
70.491,25.926,-34.7673,-20.4909,-8.84128
70.501,26.0947,-35.0138,-20.6253,-8.91907
70.512,26.2802,-35.2849,-20.7731,-9.00463
