time,pos_x,pos_y,pos_z,pos_phi
212.377,230.001,219.997,119.999,10.0001
212.407,230.004,219.986,119.996,10.0003
212.437,230.008,219.969,119.99,10.0007
212.467,230.015,219.946,119.982,10.0013
212.497,230.023,219.915,119.972,10.002
212.528,230.033,219.877,119.96,10.0028
212.558,230.045,219.833,119.945,10.0038
212.588,230.058,219.783,119.929,10.005
212.618,230.074,219.726,119.91,10.0063
212.648,230.091,219.662,119.89,10.0077
212.678,230.109,219.592,119.867,10.0093
212.708,230.13,219.516,119.842,10.011
212.738,230.152,219.433,119.815,10.0129
212.768,230.176,219.344,119.787,10.0149
212.798,230.202,219.248,119.756,10.017
212.828,230.229,219.146,119.723,10.0192
212.858,230.258,219.038,119.688,10.0216
212.888,230.288,218.924,119.651,10.0241
212.918,230.32,218.803,119.612,10.0268
212.948,230.354,218.676,119.571,10.0295
212.978,230.389,218.543,119.528,10.0324
213.008,230.426,218.404,119.484,10.0354
213.038,230.464,218.259,119.437,10.0385
213.068,230.503,218.108,119.389,10.0418
213.098,230.544,217.95,119.338,10.0451
213.129,230.588,217.781,119.284,10.0487
213.159,230.632,217.612,119.23,10.0523
213.189,230.678,217.436,119.174,10.0559
213.219,230.724,217.255,119.117,10.0597
213.249,230.772,217.067,119.057,10.0636
213.279,230.821,216.874,118.996,10.0676
213.309,230.872,216.675,118.933,10.0717
213.339,230.923,216.47,118.868,10.0759
213.369,230.976,216.26,118.801,10.0802
213.399,231.03,216.043,118.733,10.0846
213.429,231.085,215.821,118.663,10.0891
213.459,231.142,215.593,118.592,10.0936
213.489,231.199,215.36,118.518,10.0983
213.519,231.257,215.12,118.443,10.103
213.549,231.316,214.876,118.367,10.1078
213.579,231.377,214.625,118.288,10.1128
213.609,231.438,214.369,118.209,10.1177
213.639,231.5,214.108,118.127,10.1228
213.669,231.562,213.841,118.044,10.128
213.699,231.626,213.568,117.96,10.1332
213.729,231.691,213.29,117.873,10.1385
213.76,231.758,212.997,117.783,10.144
213.79,231.824,212.708,117.694,10.1495
213.82,231.89,212.414,117.603,10.155
213.85,231.957,212.114,117.511,10.1606
213.88,232.025,211.809,117.417,10.1662
213.91,232.093,211.499,117.322,10.1719
213.94,232.162,211.184,117.225,10.1777
213.97,232.231,210.863,117.127,10.1835
214,232.301,210.537,117.028,10.1893
214.03,232.371,210.206,116.927,10.1953
214.06,232.442,209.87,116.825,10.2013
214.09,232.512,209.528,116.721,10.2073
214.12,232.583,209.182,116.617,10.2134
214.15,232.655,208.83,116.51,10.2195
214.18,232.726,208.474,116.403,10.2257
214.21,232.798,208.112,116.294,10.2319
214.24,232.869,207.746,116.184,10.2381
214.27,232.941,207.375,116.072,10.2444
214.3,233.013,206.998,115.96,10.2508
214.33,233.085,206.617,115.846,10.2571
214.36,233.157,206.231,115.731,10.2635
214.391,233.231,205.827,115.61,10.2702
214.421,233.302,205.432,115.493,10.2766
214.451,233.374,205.031,115.374,10.2831
214.481,233.445,204.626,115.254,10.2896
214.511,233.516,204.217,115.133,10.2962
214.541,233.587,203.802,115.011,10.3027
214.571,233.657,203.383,114.888,10.3093
214.601,233.728,202.96,114.763,10.3159
214.631,233.797,202.532,114.638,10.3225
214.661,233.867,202.099,114.511,10.3291
214.691,233.935,201.662,114.384,10.3357
214.721,234.004,201.221,114.255,10.3424
214.751,234.072,200.775,114.125,10.349
214.781,234.139,200.325,113.995,10.3557
214.811,234.206,199.87,113.863,10.3624
214.841,234.272,199.412,113.73,10.369
214.871,234.337,198.949,113.597,10.3757
214.901,234.402,198.481,113.462,10.3824
214.931,234.466,198.01,113.327,10.389
214.961,234.529,197.535,113.19,10.3957
214.991,234.591,197.055,113.053,10.4023
215.022,234.655,196.555,112.91,10.4092
215.052,234.715,196.068,112.771,10.4158
215.082,234.775,195.576,112.631,10.4224
215.112,234.834,195.08,112.49,10.429
215.142,234.891,194.581,112.349,10.4356
215.172,234.948,194.078,112.206,10.4422
215.202,235.004,193.57,112.063,10.4487
215.232,235.058,193.06,111.919,10.4552
215.262,235.112,192.545,111.774,10.4617
215.292,235.164,192.027,111.629,10.4682
215.322,235.216,191.505,111.482,10.4747
215.352,235.266,190.979,111.335,10.4811
215.382,235.314,190.45,111.188,10.4874
215.412,235.362,189.918,111.039,10.4938
215.442,235.408,189.382,110.89,10.5001
215.472,235.453,188.843,110.741,10.5064
215.502,235.497,188.3,110.59,10.5126
215.532,235.54,187.754,110.439,10.5188
215.562,235.581,187.205,110.288,10.5249
215.592,235.62,186.652,110.136,10.531
215.622,235.658,186.096,109.983,10.5371
215.653,235.696,185.519,109.825,10.5433
215.683,235.732,184.957,109.671,10.5492
215.713,235.765,184.392,109.516,10.5551
215.743,235.798,183.824,109.362,10.561
215.773,235.828,183.253,109.206,10.5667
215.803,235.858,182.679,109.05,10.5725
215.833,235.885,182.102,108.894,10.5781
215.863,235.911,181.523,108.737,10.5837
215.893,235.936,180.941,108.58,10.5893
215.923,235.959,180.356,108.422,10.5947
215.953,235.98,179.768,108.264,10.6001
215.983,235.999,179.178,108.106,10.6054
216.013,236.017,178.585,107.947,10.6107
216.043,236.034,177.99,107.787,10.6159
216.073,236.048,177.393,107.628,10.621
216.103,236.061,176.793,107.468,10.626
216.133,236.073,176.19,107.308,10.6309
216.163,236.082,175.586,107.147,10.6358
216.193,236.09,174.979,106.986,10.6406
216.223,236.096,174.37,106.825,10.6453
216.254,236.101,173.738,106.659,10.65
216.284,236.103,173.125,106.497,10.6545
216.314,236.104,172.51,106.335,10.659
216.344,236.103,171.893,106.173,10.6633
216.374,236.1,171.273,106.011,10.6675
216.404,236.096,170.652,105.849,10.6716
216.434,236.09,170.03,105.686,10.6757
216.464,236.082,169.405,105.523,10.6796
216.494,236.072,168.779,105.361,10.6834
216.524,236.061,168.151,105.198,10.6871
216.554,236.048,167.521,105.035,10.6908
216.584,236.033,166.89,104.871,10.6943
216.614,236.016,166.258,104.708,10.6976
216.644,235.998,165.624,104.545,10.7009
216.674,235.978,164.988,104.382,10.7041
216.704,235.956,164.352,104.218,10.7071
216.734,235.932,163.714,104.055,10.7101
216.764,235.907,163.075,103.892,10.7129
216.794,235.88,162.434,103.728,10.7156
216.824,235.851,161.793,103.565,10.7181
216.854,235.821,161.15,103.402,10.7206
216.885,235.788,160.485,103.233,10.7229
216.915,235.754,159.841,103.07,10.7251
216.945,235.719,159.196,102.907,10.7271
216.975,235.682,158.549,102.744,10.7291
217.005,235.643,157.903,102.582,10.7308
217.035,235.603,157.255,102.419,10.7324
217.065,235.561,156.607,102.257,10.7339
217.095,235.518,155.958,102.095,10.7353
217.125,235.473,155.308,101.932,10.7365
217.155,235.426,154.658,101.771,10.7375
217.185,235.378,154.008,101.609,10.7385
217.215,235.329,153.357,101.448,10.7392
217.245,235.278,152.705,101.286,10.7398
217.275,235.226,152.054,101.126,10.7403
217.305,235.172,151.402,100.965,10.7406
217.335,235.117,150.75,100.805,10.7407
217.365,235.061,150.098,100.645,10.7407
217.395,235.003,149.446,100.485,10.7405
217.425,234.944,148.794,100.326,10.7402
217.455,234.884,148.142,100.167,10.7397
217.485,234.822,147.489,100.008,10.739
217.516,234.757,146.816,99.8449,10.7381
217.546,234.693,146.164,99.6872,10.7371
217.576,234.628,145.512,99.5299,10.7359
217.606,234.562,144.861,99.373,10.7346
217.636,234.495,144.21,99.2165,10.733
217.666,234.426,143.559,99.0606,10.7313
217.696,234.357,142.909,98.9051,10.7294
217.726,234.287,142.259,98.7501,10.7273
217.757,234.213,141.588,98.5905,10.725
217.795,234.122,140.767,98.3956,10.7218
217.825,234.049,140.119,98.2424,10.7191
217.855,233.975,139.472,98.0897,10.7162
217.885,233.9,138.825,97.9376,10.7132
217.915,233.825,138.18,97.7861,10.7099
217.945,233.749,137.535,97.6353,10.7064
217.975,233.672,136.891,97.485,10.7027
218.005,233.595,136.248,97.3354,10.6989
218.035,233.517,135.605,97.1864,10.6948
218.065,233.439,134.964,97.0382,10.6905
218.095,233.36,134.324,96.8906,10.686
218.125,233.281,133.685,96.7437,10.6814
218.155,233.201,133.047,96.5975,10.6765
218.185,233.122,132.41,96.452,10.6713
218.215,233.042,131.775,96.3074,10.666
218.245,232.962,131.141,96.1634,10.6605
218.275,232.881,130.508,96.0203,10.6547
218.305,232.801,129.876,95.8779,10.6487
218.335,232.721,129.246,95.7364,10.6425
218.365,232.64,128.617,95.5957,10.6361
218.395,232.56,127.99,95.4558,10.6295
218.435,232.453,127.155,95.2706,10.6203
218.465,232.374,126.532,95.1328,10.6131
218.495,232.294,125.909,94.9958,10.6057
218.525,232.215,125.289,94.8598,10.598
218.555,232.136,124.67,94.7246,10.5901
218.585,232.057,124.052,94.5904,10.582
218.615,231.979,123.437,94.4572,10.5737
218.645,231.902,122.823,94.3249,10.5651
218.675,231.825,122.211,94.1937,10.5562
218.705,231.749,121.601,94.0634,10.5471
218.735,231.674,120.992,93.9341,10.5378
218.766,231.597,120.366,93.8016,10.5279
218.796,231.523,119.761,93.6745,10.5181
218.826,231.45,119.159,93.5484,10.508
218.856,231.379,118.558,93.4233,10.4976
218.886,231.308,117.96,93.2994,10.487
218.916,231.238,117.363,93.1766,10.4761
218.946,231.17,116.769,93.0549,10.465
218.976,231.103,116.177,92.9344,10.4536
219.006,231.037,115.586,92.815,10.442
219.036,230.973,114.998,92.6967,10.4301
219.066,230.91,114.413,92.5797,10.4179
219.096,230.848,113.829,92.4638,10.4054
219.126,230.788,113.248,92.3492,10.3927
219.156,230.73,112.668,92.2358,10.3797
219.186,230.673,112.092,92.1237,10.3664
219.216,230.619,111.517,92.0128,10.3529
219.246,230.566,110.945,91.9032,10.339
219.276,230.515,110.375,91.7948,10.3249
219.306,230.466,109.807,91.6878,10.3105
219.336,230.419,109.242,91.5821,10.2958
219.366,230.374,108.68,91.4778,10.2809
219.397,230.33,108.101,91.3714,10.2651
219.427,230.289,107.543,91.2698,10.2495
219.457,230.251,106.988,91.1696,10.2337
219.487,230.215,106.435,91.0708,10.2175
219.517,230.182,105.884,90.9734,10.2011
219.547,230.152,105.337,90.8774,10.1843
219.577,230.124,104.791,90.7829,10.1673
219.607,230.098,104.249,90.6899,10.1499
219.637,230.076,103.708,90.5983,10.1323
219.667,230.056,103.171,90.5082,10.1143
219.697,230.039,102.636,90.4197,10.096
219.727,230.025,102.103,90.3326,10.0775
219.757,230.014,101.574,90.2471,10.0586
219.787,230.006,101.046,90.1632,10.0394
219.817,230.001,100.522,90.0808,10.0198
219.847,230,100,90,10
219.877,230.001,99.4779,89.9203,9.97968
219.907,230.005,98.9526,89.8411,9.95873
219.937,230.011,98.4243,89.7625,9.93715
219.967,230.02,97.893,89.6844,9.91494
219.997,230.03,97.3586,89.6069,9.89212
220.028,230.044,96.8032,89.5274,9.8679
220.058,230.059,96.2627,89.451,9.84384
220.088,230.076,95.7193,89.3752,9.81918
220.118,230.096,95.173,89.2998,9.79393
220.148,230.117,94.6237,89.225,9.76809
220.178,230.14,94.0716,89.1508,9.74167
220.208,230.166,93.5166,89.077,9.71467
220.238,230.193,92.9588,89.0038,9.6871
220.268,230.222,92.3983,88.9311,9.65897
220.298,230.253,91.8349,88.859,9.63027
220.328,230.286,91.2688,88.7873,9.60103
220.358,230.32,90.7,88.7162,9.57123
220.388,230.356,90.1285,88.6456,9.5409
220.418,230.394,89.5543,88.5755,9.51003
220.448,230.434,88.9775,88.5058,9.47862
220.478,230.475,88.3981,88.4367,9.4467
220.508,230.518,87.816,88.3681,9.41425
220.538,230.562,87.2314,88.3,9.38129
220.568,230.607,86.6443,88.2324,9.34783
220.598,230.654,86.0546,88.1653,9.31386
220.629,230.704,85.4427,88.0964,9.27824
220.659,230.754,84.848,88.0303,9.24327
220.689,230.805,84.2509,87.9646,9.20782
220.719,230.857,83.6513,87.8994,9.17188
220.749,230.911,83.0494,87.8347,9.13548
220.779,230.966,82.4451,87.7705,9.09861
220.809,231.021,81.8384,87.7068,9.06127
220.839,231.078,81.2295,87.6435,9.02349
220.869,231.136,80.6182,87.5806,8.98525
220.899,231.195,80.0047,87.5183,8.94657
220.929,231.255,79.3889,87.4564,8.90745
220.959,231.316,78.771,87.3949,8.8679
220.989,231.378,78.1508,87.3339,8.82792
221.019,231.441,77.5285,87.2734,8.78752
221.049,231.504,76.904,87.2133,8.74671
221.079,231.568,76.2775,87.1536,8.70548
221.109,231.633,75.6488,87.0944,8.66386
221.139,231.699,75.0181,87.0357,8.62183
221.169,231.766,74.3854,86.9773,8.57942
221.199,231.833,73.7506,86.9194,8.53661
221.229,231.9,73.1139,86.8619,8.49343
221.26,231.971,72.4539,86.803,8.44842
221.29,232.039,71.8132,86.7464,8.40448
221.32,232.109,71.1707,86.6902,8.36018
221.35,232.178,70.5262,86.6344,8.31552
221.38,232.249,69.8799,86.5791,8.27051
221.41,232.319,69.2318,86.5242,8.22515
221.44,232.39,68.5819,86.4696,8.17946
221.47,232.461,67.9302,86.4155,8.13343
221.5,232.532,67.2768,86.3618,8.08707
221.53,232.604,66.6217,86.3085,8.04039
221.56,232.676,65.9649,86.2556,7.99339
221.59,232.748,65.3064,86.203,7.94608
221.62,232.82,64.6463,86.1509,7.89847
221.65,232.893,63.9846,86.0992,7.85056
221.68,232.965,63.3213,86.0478,7.80235
221.71,233.038,62.6565,85.9968,7.75385
221.74,233.11,61.9902,85.9463,7.70507
221.77,233.182,61.3224,85.896,7.65602
221.8,233.255,60.6531,85.8462,7.6067
221.83,233.327,59.9824,85.7968,7.55711
221.86,233.399,59.3103,85.7477,7.50726
221.891,233.474,58.6144,85.6973,7.45548
221.921,233.546,57.9395,85.649,7.40512
221.951,233.617,57.2633,85.601,7.35452
221.981,233.689,56.5859,85.5534,7.30368
222.011,233.76,55.9071,85.5061,7.25262
222.041,233.831,55.2272,85.4592,7.20132
222.071,233.901,54.5461,85.4126,7.14981
222.101,233.971,53.8638,85.3664,7.09809
222.131,234.041,53.1804,85.3205,7.04616
222.161,234.11,52.4958,85.2749,6.99403
222.191,234.179,51.8103,85.2297,6.9417
222.221,234.248,51.1236,85.1849,6.88918
222.251,234.316,50.436,85.1403,6.83648
222.281,234.383,49.7474,85.0961,6.7836
222.311,234.45,49.0578,85.0522,6.73055
222.341,234.516,48.3673,85.0087,6.67733
222.371,234.582,47.676,84.9654,6.62395
222.401,234.647,46.9838,84.9225,6.57041
222.431,234.711,46.2907,84.8799,6.51673
222.461,234.775,45.5969,84.8376,6.4629
222.491,234.838,44.9024,84.7956,6.40893
222.522,234.902,44.1839,84.7526,6.35302
222.552,234.964,43.4879,84.7112,6.29879
222.582,235.025,42.7913,84.6701,6.24444
222.612,235.085,42.094,84.6294,6.18998
222.642,235.144,41.3961,84.5889,6.1354
222.672,235.202,40.6977,84.5487,6.08072
222.702,235.26,39.9988,84.5088,6.02594
222.732,235.316,39.2994,84.4692,5.97108
222.762,235.372,38.5996,84.4299,5.91612
222.792,235.427,37.8993,84.3909,5.86109
222.822,235.481,37.1987,84.3521,5.80598
222.852,235.533,36.4977,84.3136,5.7508
222.882,235.585,35.7964,84.2754,5.69556
222.912,235.636,35.0948,84.2374,5.64026
222.942,235.686,34.393,84.1997,5.58491
222.972,235.735,33.6909,84.1623,5.52951
223.002,235.782,32.9887,84.1252,5.47408
223.032,235.829,32.2864,84.0883,5.41861
223.062,235.875,31.584,84.0516,5.36311
223.092,235.919,30.8815,84.0152,5.30759
223.122,235.962,30.179,83.9791,5.25205
223.153,236.006,29.453,83.942,5.19465
223.183,236.047,28.7506,83.9063,5.13909
223.213,236.087,28.0482,83.8709,5.08354
223.243,236.126,27.346,83.8357,5.02799
223.273,236.163,26.6439,83.8008,4.97246
223.303,236.199,25.942,83.7661,4.91694
223.333,236.234,25.2403,83.7316,4.86144
223.363,236.268,24.5389,83.6973,4.80598
223.393,236.301,23.8379,83.6633,4.75055
223.423,236.332,23.1371,83.6295,4.69516
223.453,236.362,22.4368,83.5959,4.63982
223.483,236.39,21.7369,83.5625,4.58452
223.513,236.418,21.0374,83.5293,4.52929
223.543,236.444,20.3385,83.4963,4.47412
223.573,236.469,19.64,83.4636,4.41903
223.603,236.492,18.9422,83.431,4.364
223.633,236.514,18.245,83.3986,4.30906
223.663,236.535,17.5484,83.3665,4.2542
223.693,236.554,16.8525,83.3345,4.19944
223.723,236.572,16.1574,83.3027,4.14478
223.754,236.59,15.4399,83.2701,4.0884
223.784,236.605,14.7464,83.2387,4.03395
223.814,236.619,14.0537,83.2075,3.97962
223.844,236.631,13.3619,83.1764,3.92541
223.874,236.642,12.671,83.1456,3.87133
223.904,236.652,11.9812,83.1149,3.81738
223.934,236.66,11.2923,83.0844,3.76357
223.964,236.667,10.6045,83.054,3.70991
223.994,236.673,9.91778,83.0238,3.6564
224.024,236.677,9.23219,82.9938,3.60304
224.054,236.679,8.54778,82.9639,3.54984
224.084,236.68,7.86459,82.9342,3.49681
224.114,236.68,7.18265,82.9047,3.44396
224.144,236.679,6.502,82.8753,3.39128
224.174,236.675,5.8227,82.846,3.33879
224.204,236.671,5.14477,82.8169,3.28649
224.234,236.665,4.46826,82.7879,3.23439
224.264,236.658,3.79321,82.7591,3.18249
224.294,236.649,3.11966,82.7304,3.1308
224.324,236.639,2.44766,82.7018,3.07932
224.354,236.627,1.77724,82.6734,3.02806
224.385,236.613,1.08617,82.6441,2.97533
224.415,236.599,0.419102,82.6159,2.92453
224.445,236.583,-0.24626,82.5879,2.87398
224.475,236.566,-0.909871,82.56,2.82366
224.505,236.547,-1.57169,82.5321,2.77359
224.535,236.526,-2.23167,82.5044,2.72378
224.565,236.505,-2.88978,82.4768,2.67423
224.595,236.482,-3.54597,82.4493,2.62494
224.625,236.457,-4.20019,82.4219,2.57593
224.655,236.432,-4.85242,82.3947,2.52719
224.685,236.404,-5.5026,82.3675,2.47874
224.715,236.376,-6.1507,82.3404,2.43057
224.745,236.346,-6.79666,82.3134,2.3827
224.775,236.314,-7.44046,82.2865,2.33513
224.805,236.282,-8.08204,82.2596,2.28787
224.835,236.248,-8.72137,82.2329,2.24091
224.865,236.212,-9.3584,82.2062,2.19428
224.895,236.175,-9.99309,82.1797,2.14797
224.925,236.137,-10.6254,82.1532,2.10199
224.955,236.098,-11.2553,82.1267,2.05634
224.985,236.057,-11.8827,82.1004,2.01103
225.016,236.014,-12.5284,82.0732,1.96458
225.046,235.97,-13.1507,82.047,1.91999
225.076,235.926,-13.7704,82.0208,1.87575
225.106,235.88,-14.3874,81.9947,1.83188
225.136,235.833,-15.0018,81.9686,1.78837
225.166,235.784,-15.6134,81.9426,1.74525
225.196,235.734,-16.2223,81.9167,1.7025
225.226,235.684,-16.8284,81.8907,1.66014
225.256,235.631,-17.4316,81.8649,1.61817
225.286,235.578,-18.032,81.8391,1.5766
225.316,235.524,-18.6294,81.8133,1.53544
225.346,235.468,-19.2238,81.7875,1.49468
225.376,235.411,-19.8152,81.7618,1.45435
225.406,235.353,-20.4036,81.7361,1.41443
225.436,235.294,-20.9888,81.7105,1.37494
225.466,235.234,-21.5709,81.6848,1.33588
225.496,235.172,-22.1498,81.6592,1.29727
225.526,235.11,-22.7255,81.6336,1.25909
225.556,235.046,-23.298,81.608,1.22137
225.586,234.982,-23.8671,81.5824,1.1841
225.616,234.916,-24.4328,81.5569,1.1473
225.647,234.847,-25.0139,81.5305,1.10976
225.677,234.78,-25.5727,81.5049,1.07391
225.707,234.711,-26.128,81.4793,1.03854
225.737,234.641,-26.6798,81.4538,1.00366
225.767,234.571,-27.228,81.4282,0.969269
225.797,234.499,-27.7726,81.4026,0.935373
225.827,234.427,-28.3136,81.3771,0.90198
225.857,234.353,-28.8509,81.3515,0.869095
225.887,234.279,-29.3844,81.3259,0.836724
225.917,234.204,-29.9142,81.3002,0.804873
225.947,234.128,-30.4402,81.2746,0.773547
225.977,234.051,-30.9623,81.2489,0.742752
226.007,233.974,-31.4804,81.2232,0.712494
226.037,233.895,-31.9947,81.1974,0.682779
226.067,233.816,-32.505,81.1716,0.653612
226.097,233.736,-33.0112,81.1458,0.625
226.127,233.655,-33.5134,81.12,0.596948
226.157,233.574,-34.0115,81.0941,0.569461
226.187,233.492,-34.5054,81.0681,0.542546
226.217,233.409,-34.9951,81.0421,0.516208
226.247,233.326,-35.4806,81.0161,0.490453
226.278,233.239,-35.9778,80.9891,0.464459
226.308,233.154,-36.4546,80.963,0.439907
226.338,233.069,-36.927,80.9368,0.415956
226.368,232.983,-37.395,80.9105,0.392612
226.398,232.896,-37.8586,80.8841,0.369879
226.428,232.81,-38.3177,80.8577,0.347764
226.458,232.722,-38.7723,80.8312,0.326273
226.488,232.634,-39.2223,80.8047,0.305411
226.518,232.546,-39.6678,80.778,0.285184
226.548,232.457,-40.1085,80.7513,0.265598
226.578,232.368,-40.5447,80.7245,0.246658
226.608,232.278,-40.976,80.6976,0.228371
226.638,232.188,-41.4027,80.6707,0.210742
226.668,232.097,-41.8245,80.6436,0.193777
226.698,232.007,-42.2415,80.6164,0.177481
226.728,231.915,-42.6536,80.5892,0.161861
226.758,231.824,-43.0607,80.5618,0.146922
226.788,231.732,-43.463,80.5343,0.13267
226.818,231.64,-43.8602,80.5068,0.11911
226.848,231.548,-44.2523,80.4791,0.106249
226.879,231.453,-44.6522,80.4504,0.0936994
226.909,231.36,-45.034,80.4224,0.0822763
226.939,231.268,-45.4107,80.3944,0.0715692
226.969,231.175,-45.7821,80.3663,0.0615836
226.999,231.082,-46.1483,80.338,0.0523255
227.029,230.988,-46.5092,80.3096,0.0438006
227.059,230.895,-46.8648,80.2811,0.0360147
227.089,230.802,-47.215,80.2524,0.0289734
227.119,230.709,-47.5598,80.2236,0.0226826
227.149,230.615,-47.8992,80.1947,0.017148
227.179,230.522,-48.2331,80.1656,0.0123754
227.209,230.429,-48.5615,80.1364,0.00837056
227.239,230.335,-48.8844,80.107,0.00513921
227.269,230.242,-49.2016,80.0775,0.00268713
227.299,230.149,-49.5132,80.0478,0.00102007
227.329,230.056,-49.8192,80.018,0.000143793
227.359,229.963,-50.1193,79.988,6.39386e-05
227.389,229.87,-50.4131,79.9582,0.000781366
227.419,229.777,-50.7004,79.9285,0.00229073
227.449,229.683,-50.9813,79.8989,0.00458627
227.479,229.59,-51.2558,79.8695,0.00766222
227.51,229.494,-51.5328,79.8393,0.0116545
227.54,229.4,-51.7945,79.8103,0.0162995
227.57,229.307,-52.05,79.7814,0.0217075
227.6,229.214,-52.2994,79.7526,0.0278726
227.63,229.121,-52.5427,79.724,0.0347892
227.66,229.028,-52.7799,79.6955,0.0424515
227.69,228.935,-53.0111,79.6672,0.0508536
227.72,228.842,-53.2364,79.6391,0.05999
227.75,228.75,-53.4558,79.611,0.0698546
227.78,228.658,-53.6694,79.5832,0.0804419
227.81,228.566,-53.8773,79.5555,0.0917461
227.84,228.474,-54.0794,79.5279,0.103761
227.87,228.382,-54.2759,79.5005,0.116482
227.9,228.291,-54.4668,79.4732,0.129902
227.93,228.2,-54.6521,79.446,0.144016
227.96,228.11,-54.8319,79.419,0.158818
227.99,228.019,-55.0063,79.3922,0.174303
228.02,227.929,-55.1754,79.3655,0.190464
228.05,227.84,-55.3391,79.3389,0.207295
228.08,227.751,-55.4975,79.3124,0.224792
228.11,227.662,-55.6508,79.2861,0.242948
228.141,227.571,-55.8037,79.2591,0.262396
228.171,227.483,-55.9465,79.233,0.281875
228.201,227.395,-56.0843,79.2071,0.301995
228.231,227.309,-56.2171,79.1814,0.322752
228.261,227.222,-56.345,79.1557,0.344139
228.291,227.136,-56.4679,79.1302,0.36615
228.321,227.051,-56.5861,79.1049,0.38878
228.351,226.966,-56.6995,79.0796,0.412023
228.381,226.881,-56.8082,79.0545,0.435874
228.411,226.797,-56.9123,79.0295,0.460325
228.441,226.714,-57.0117,79.0046,0.485373
228.471,226.631,-57.1066,78.9799,0.51101
228.501,226.549,-57.197,78.9553,0.537232
228.531,226.467,-57.283,78.9308,0.564032
228.561,226.386,-57.3646,78.9064,0.591405
228.591,226.305,-57.4419,78.8822,0.619345
228.621,226.226,-57.5149,78.858,0.647845
228.651,226.146,-57.5838,78.834,0.676902
228.681,226.068,-57.6484,78.8101,0.706507
228.711,225.99,-57.709,78.7863,0.736657
228.741,225.912,-57.7655,78.7627,0.767345
228.772,225.833,-57.8197,78.7384,0.799615
228.802,225.757,-57.8682,78.7149,0.831379
228.832,225.681,-57.9128,78.6916,0.863664
228.862,225.606,-57.9536,78.6684,0.896464
228.892,225.532,-57.9906,78.6453,0.929773
228.922,225.459,-58.0239,78.6223,0.963585
228.952,225.386,-58.0535,78.5995,0.997895
228.982,225.314,-58.0796,78.5767,1.0327
229.012,225.243,-58.102,78.5541,1.06798
229.042,225.172,-58.121,78.5315,1.10375
229.072,225.102,-58.1366,78.5091,1.13999
229.102,225.032,-58.1488,78.4867,1.17671
229.132,224.964,-58.1576,78.4645,1.21388
229.162,224.896,-58.1632,78.4424,1.25151
229.192,224.829,-58.1655,78.4204,1.2896
229.222,224.762,-58.1647,78.3984,1.32812
229.252,224.697,-58.1608,78.3766,1.36709
229.282,224.632,-58.1538,78.3549,1.4065
229.312,224.567,-58.1438,78.3333,1.44633
229.342,224.504,-58.1309,78.3117,1.48658
229.372,224.441,-58.115,78.2903,1.52725
229.403,224.377,-58.0957,78.2682,1.56971
229.433,224.316,-58.0741,78.247,1.61122
229.463,224.255,-58.0498,78.2259,1.65312
229.493,224.196,-58.0229,78.2048,1.69541
229.523,224.137,-57.9933,78.1838,1.73809
229.553,224.078,-57.9611,78.163,1.78116
229.583,224.021,-57.9264,78.1422,1.8246
229.613,223.964,-57.8893,78.1215,1.86841
229.643,223.908,-57.8497,78.1009,1.91259
229.673,223.853,-57.8078,78.0803,1.95713
229.703,223.799,-57.7636,78.0599,2.00201
229.733,223.745,-57.7171,78.0395,2.04725
229.763,223.693,-57.6684,78.0193,2.09283
229.793,223.641,-57.6176,77.9991,2.13875
229.823,223.589,-57.5647,77.979,2.18499
229.853,223.539,-57.5097,77.959,2.23156
229.883,223.489,-57.4528,77.939,2.27845
229.913,223.441,-57.3939,77.9192,2.32565
229.943,223.393,-57.3332,77.8994,2.37316
229.973,223.345,-57.2706,77.8797,2.42097
230.004,223.298,-57.2041,77.8594,2.47069
230.034,223.252,-57.1379,77.8398,2.5191
230.064,223.207,-57.0701,77.8203,2.56779
230.094,223.163,-57.0007,77.8009,2.61675
230.124,223.12,-56.9297,77.7816,2.666
230.154,223.078,-56.8572,77.7623,2.7155
230.184,223.037,-56.7833,77.7431,2.76527
230.214,222.996,-56.7079,77.724,2.8153
230.244,222.956,-56.6312,77.7049,2.86557
230.274,222.918,-56.5531,77.6859,2.91609
230.304,222.88,-56.4739,77.667,2.96685
230.334,222.842,-56.3934,77.6482,3.01783
230.364,222.806,-56.3117,77.6294,3.06905
230.394,222.771,-56.229,77.6106,3.12048
230.424,222.736,-56.1452,77.592,3.17213
230.454,222.702,-56.0605,77.5733,3.22399
230.484,222.669,-55.9748,77.5548,3.27606
230.514,222.637,-55.8882,77.5363,3.32832
230.544,222.606,-55.8007,77.5179,3.38077
230.574,222.576,-55.7125,77.4995,3.43341
230.604,222.547,-55.6235,77.4812,3.48623
230.635,222.517,-55.5308,77.4623,3.54099
230.665,222.49,-55.4405,77.4441,3.59416
230.695,222.463,-55.3496,77.426,3.64749
230.725,222.437,-55.2582,77.4079,3.70098
230.755,222.412,-55.1663,77.3898,3.75462
230.785,222.388,-55.074,77.3718,3.80841
230.815,222.365,-54.9812,77.3539,3.86233
230.845,222.343,-54.8882,77.336,3.91639
230.875,222.322,-54.7949,77.3182,3.97058
230.905,222.302,-54.7013,77.3004,4.02489
230.935,222.283,-54.6076,77.2826,4.07932
230.965,222.264,-54.5137,77.2649,4.13386
230.995,222.247,-54.4198,77.2472,4.1885
231.025,222.231,-54.3259,77.2296,4.24324
231.055,222.215,-54.2319,77.212,4.29808
231.085,222.201,-54.1381,77.1945,4.35301
231.115,222.187,-54.0444,77.177,4.40801
231.145,222.175,-53.9508,77.1596,4.4631
231.175,222.163,-53.8575,77.1421,4.51825
231.205,222.152,-53.7644,77.1248,4.57347
231.235,222.143,-53.6717,77.1074,4.62875
231.266,222.134,-53.5763,77.0895,4.68593
231.296,222.126,-53.4844,77.0722,4.74131
231.326,222.12,-53.393,77.055,4.79674
231.356,222.114,-53.3021,77.0378,4.8522
231.386,222.11,-53.2118,77.0206,4.90769
231.416,222.106,-53.1221,77.0035,4.9632
231.446,222.104,-53.0331,76.9864,5.01874
231.476,222.103,-52.9448,76.9693,5.07428
231.506,222.102,-52.8573,76.9522,5.12984
231.536,222.103,-52.7706,76.9352,5.18539
231.566,222.105,-52.6848,76.9182,5.24094
231.596,222.108,-52.6,76.9012,5.29648
231.626,222.112,-52.5161,76.8843,5.35201
231.656,222.117,-52.4332,76.8673,5.40751
231.686,222.123,-52.3514,76.8504,5.46299
231.716,222.13,-52.2708,76.8335,5.51843
231.746,222.139,-52.1913,76.8167,5.57383
231.776,222.148,-52.113,76.7998,5.62919
231.806,222.159,-52.0361,76.783,5.6845
231.836,222.171,-51.9604,76.7662,5.73976
231.866,222.184,-51.8861,76.7494,5.79495
231.897,222.198,-51.8109,76.732,5.85191
231.927,222.213,-51.7395,76.7153,5.90695
231.957,222.23,-51.6697,76.6985,5.96192
231.987,222.247,-51.6015,76.6818,6.01681
232.017,222.266,-51.5349,76.665,6.0716
232.047,222.286,-51.47,76.6483,6.12629
232.077,222.307,-51.4068,76.6316,6.18089
232.107,222.329,-51.3453,76.6149,6.23537
232.137,222.353,-51.2857,76.5982,6.28974
232.167,222.378,-51.228,76.5815,6.34399
232.197,222.404,-51.1722,76.5648,6.39812
232.227,222.431,-51.1184,76.5482,6.45211
232.257,222.459,-51.0666,76.5315,6.50597
232.287,222.489,-51.0168,76.5148,6.55969
232.317,222.52,-50.9692,76.4981,6.61325
232.347,222.552,-50.9238,76.4815,6.66667
232.377,222.585,-50.8806,76.4648,6.71992
232.407,222.62,-50.8396,76.4481,6.77301
232.437,222.656,-50.801,76.4315,6.82592
232.467,222.693,-50.7648,76.4148,6.87866
232.497,222.732,-50.731,76.3981,6.93121
232.528,222.773,-50.6987,76.3809,6.98532
232.558,222.814,-50.6699,76.3642,7.03749
232.588,222.857,-50.6438,76.3475,7.08945
232.618,222.9,-50.6203,76.3308,7.14121
232.648,222.946,-50.5994,76.3141,7.19275
232.678,222.992,-50.5813,76.2974,7.24408
232.708,223.04,-50.566,76.2806,7.29519
232.738,223.089,-50.5535,76.2639,7.34606
232.768,223.14,-50.5439,76.2472,7.3967
232.798,223.192,-50.5372,76.2304,7.4471
232.828,223.245,-50.5335,76.2136,7.49726
232.858,223.299,-50.5329,76.1968,7.54716
232.888,223.355,-50.5353,76.18,7.5968
232.918,223.413,-50.5409,76.1632,7.64618
232.948,223.472,-50.5497,76.1463,7.69529
232.978,223.532,-50.5617,76.1294,7.74412
233.008,223.593,-50.577,76.1125,7.79267
233.038,223.656,-50.5956,76.0956,7.84094
233.068,223.72,-50.6177,76.0787,7.88891
233.098,223.786,-50.6432,76.0617,7.93658
233.129,223.856,-50.6732,76.0442,7.98553
233.159,223.924,-50.7059,76.0272,8.03258
233.189,223.994,-50.7422,76.0102,8.07931
233.219,224.066,-50.7821,75.9931,8.12572
233.249,224.138,-50.8258,75.976,8.17181
233.279,224.213,-50.8732,75.9589,8.21756
233.309,224.288,-50.9245,75.9418,8.26297
233.339,224.366,-50.9796,75.9246,8.30804
233.369,224.444,-51.0386,75.9074,8.35276
233.399,224.524,-51.1017,75.8901,8.39712
233.429,224.606,-51.1688,75.8729,8.44112
233.459,224.688,-51.2399,75.8556,8.48475
233.489,224.773,-51.3152,75.8382,8.52801
233.519,224.859,-51.3947,75.8208,8.57089
233.549,224.946,-51.4785,75.8034,8.61338
233.579,225.034,-51.5666,75.786,8.65548
233.609,225.124,-51.659,75.7685,8.69719
233.639,225.216,-51.7559,75.7509,8.73849
233.669,225.309,-51.8572,75.7333,8.77939
233.699,225.403,-51.9631,75.7157,8.81987
233.729,225.499,-52.0735,75.6981,8.85994
233.76,225.599,-52.1925,75.6798,8.90089
233.79,225.698,-52.3124,75.662,8.94008
233.82,225.798,-52.4371,75.6442,8.97883
233.85,225.899,-52.5666,75.6264,9.01714
233.88,226.002,-52.701,75.6085,9.05501
233.91,226.106,-52.8403,75.5905,9.09242
233.94,226.212,-52.9846,75.5725,9.12937
233.97,226.319,-53.1339,75.5545,9.16585
234,226.427,-53.2883,75.5364,9.20186
234.03,226.537,-53.4479,75.5182,9.23739
234.06,226.648,-53.6127,75.5,9.27244
234.09,226.76,-53.7828,75.4818,9.30701
234.12,226.874,-53.9581,75.4635,9.34107
234.15,226.989,-54.1389,75.4451,9.37464
234.18,227.105,-54.3252,75.4267,9.4077
234.21,227.223,-54.5169,75.4082,9.44025
234.24,227.342,-54.7142,75.3896,9.47228
234.27,227.462,-54.9172,75.371,9.50379
234.3,227.584,-55.1258,75.3523,9.53477
234.33,227.707,-55.3402,75.3336,9.56521
234.36,227.831,-55.5604,75.3148,9.59511
234.391,227.96,-55.794,75.2953,9.62544
234.421,228.086,-56.0262,75.2764,9.65422
234.451,228.214,-56.2644,75.2574,9.68245
234.481,228.343,-56.5087,75.2383,9.71011
234.511,228.473,-56.759,75.2192,9.73721
234.541,228.604,-57.0156,75.2,9.76373
234.571,228.736,-57.2783,75.1807,9.78966
234.601,228.869,-57.5474,75.1614,9.81501
234.631,229.004,-57.8229,75.142,9.83977
234.661,229.139,-58.1048,75.1225,9.86393
234.691,229.275,-58.3932,75.1029,9.88748
234.721,229.413,-58.6881,75.0833,9.91043
234.751,229.551,-58.9897,75.0636,9.93275
234.781,229.69,-59.298,75.0438,9.95446
234.811,229.831,-59.613,75.0239,9.97554
234.841,229.972,-59.9348,75.004,9.99599
234.871,230.115,-60.2644,74.9839,10.0159
234.901,230.261,-60.6037,74.9637,10.0355
234.931,230.412,-60.9525,74.9434,10.0548
234.961,230.566,-61.3109,74.9229,10.0737
234.991,230.724,-61.6788,74.9022,10.0923
235.022,230.89,-62.0688,74.8807,10.1113
235.052,231.055,-62.4558,74.8597,10.1293
235.082,231.223,-62.852,74.8386,10.147
235.112,231.394,-63.2575,74.8173,10.1644
235.142,231.569,-63.6721,74.7959,10.1815
235.172,231.746,-64.0958,74.7744,10.1983
235.202,231.926,-64.5285,74.7527,10.2148
235.232,232.109,-64.9702,74.7308,10.231
235.262,232.294,-65.4207,74.7089,10.2469
235.292,232.483,-65.8801,74.6868,10.2625
235.322,232.673,-66.3483,74.6645,10.2778
235.352,232.866,-66.8251,74.6422,10.2929
235.382,233.061,-67.3105,74.6197,10.3076
235.412,233.259,-67.8045,74.5971,10.3221
235.442,233.458,-68.307,74.5744,10.3362
235.472,233.66,-68.8179,74.5515,10.3501
235.502,233.863,-69.3372,74.5285,10.3637
235.532,234.068,-69.8647,74.5054,10.3771
235.562,234.274,-70.4005,74.4822,10.3901
235.592,234.482,-70.9444,74.4589,10.4029
235.622,234.692,-71.4963,74.4355,10.4154
235.653,234.909,-72.0751,74.4111,10.428
235.683,235.121,-72.6433,74.3875,10.44
235.713,235.334,-73.2193,74.3637,10.4517
235.743,235.548,-73.8031,74.3398,10.4631
235.773,235.763,-74.3946,74.3159,10.4743
235.803,235.979,-74.9937,74.2918,10.4852
235.833,236.195,-75.6005,74.2676,10.4959
235.863,236.412,-76.2147,74.2433,10.5063
235.893,236.629,-76.8363,74.219,10.5164
235.923,236.847,-77.4653,74.1945,10.5263
235.953,237.064,-78.1015,74.17,10.5359
235.983,237.282,-78.7449,74.1453,10.5453
236.013,237.5,-79.3954,74.1206,10.5544
236.043,237.718,-80.053,74.0958,10.5633
236.073,237.936,-80.7175,74.0709,10.572
236.103,238.153,-81.3889,74.0459,10.5804
236.133,238.37,-82.0671,74.0209,10.5885
236.163,238.587,-82.7519,73.9957,10.5965
236.193,238.803,-83.4435,73.9705,10.6042
236.223,239.018,-84.1415,73.9452,10.6116
236.254,239.239,-84.8697,73.919,10.6191
236.284,239.453,-85.5808,73.8936,10.6261
236.314,239.666,-86.2982,73.8681,10.6328
236.344,239.877,-87.0218,73.8426,10.6394
236.374,240.087,-87.7516,73.8169,10.6457
236.404,240.296,-88.4874,73.7912,10.6518
236.434,240.504,-89.2291,73.7655,10.6576
236.464,240.71,-89.9767,73.7397,10.6633
236.494,240.915,-90.7301,73.7138,10.6687
236.524,241.118,-91.4892,73.6879,10.6739
236.554,241.319,-92.2538,73.6619,10.6789
236.584,241.518,-93.024,73.6359,10.6837
236.614,241.716,-93.7995,73.6099,10.6883
236.644,241.911,-94.5804,73.5837,10.6927
236.674,242.105,-95.3665,73.5576,10.6969
236.704,242.296,-96.1577,73.5314,10.7008
236.734,242.485,-96.9539,73.5051,10.7046
236.764,242.672,-97.7551,73.4788,10.7082
236.794,242.856,-98.5611,73.4525,10.7116
236.824,243.037,-99.3719,73.4262,10.7147
236.854,243.217,-100.187,73.3998,10.7177
236.885,243.399,-101.035,73.3725,10.7206
236.915,243.573,-101.859,73.346,10.7232
236.945,243.743,-102.688,73.3195,10.7256
236.975,243.911,-103.521,73.293,10.7278
237.005,244.076,-104.359,73.2665,10.7299
237.035,244.238,-105.2,73.2399,10.7317
237.065,244.397,-106.045,73.2134,10.7334
237.095,244.553,-106.894,73.1868,10.7349
237.125,244.706,-107.747,73.1602,10.7362
237.155,244.855,-108.604,73.1335,10.7374
237.185,245.001,-109.464,73.1069,10.7384
237.215,245.143,-110.327,73.0803,10.7392
237.245,245.282,-111.194,73.0536,10.7398
237.275,245.418,-112.064,73.027,10.7403
237.305,245.55,-112.937,73.0003,10.7406
237.335,245.678,-113.813,72.9736,10.7407
237.365,245.803,-114.691,72.947,10.7407
237.395,245.924,-115.573,72.9203,10.7405
237.425,246.041,-116.457,72.8936,10.7402
237.455,246.154,-117.344,72.867,10.7397
237.485,246.263,-118.234,72.8403,10.7391
237.516,246.372,-119.155,72.8128,10.7383
237.546,246.473,-120.049,72.7862,10.7373
237.576,246.571,-120.945,72.7595,10.7362
237.606,246.664,-121.843,72.7329,10.735
237.636,246.753,-122.743,72.7064,10.7336
237.666,246.838,-123.644,72.6798,10.7321
237.696,246.919,-124.548,72.6532,10.7304
237.726,246.996,-125.453,72.6267,10.7286
237.756,247.069,-126.359,72.6002,10.7267
237.786,247.137,-127.267,72.5737,10.7246
237.816,247.201,-128.175,72.5473,10.7224
237.846,247.261,-129.085,72.5209,10.7201
237.876,247.316,-129.996,72.4945,10.7176
237.906,247.367,-130.908,72.4681,10.715
237.936,247.414,-131.82,72.4418,10.7123
237.966,247.457,-132.734,72.4156,10.7095
237.996,247.495,-133.647,72.3893,10.7065
238.026,247.528,-134.561,72.3631,10.7035
238.056,247.557,-135.476,72.337,10.7003
238.086,247.582,-136.39,72.3109,10.697
238.116,247.603,-137.305,72.2848,10.6936
238.147,247.619,-138.25,72.2579,10.6899
238.177,247.631,-139.164,72.232,10.6863
238.207,247.638,-140.078,72.2061,10.6825
238.237,247.64,-140.992,72.1802,10.6787
238.267,247.639,-141.905,72.1544,10.6747
238.297,247.632,-142.817,72.1287,10.6707
238.327,247.622,-143.729,72.103,10.6665
238.357,247.607,-144.64,72.0774,10.6623
238.387,247.587,-145.55,72.0519,10.6579
238.417,247.564,-146.459,72.0264,10.6535
238.447,247.536,-147.366,72.001,10.649
238.477,247.503,-148.273,71.9756,10.6443
238.507,247.466,-149.178,71.9504,10.6396
238.537,247.425,-150.081,71.9252,10.6348
238.567,247.38,-150.983,71.9,10.63
238.597,247.33,-151.883,71.875,10.625
238.627,247.276,-152.781,71.85,10.62
238.657,247.218,-153.677,71.8252,10.6148
238.687,247.156,-154.571,71.8004,10.6096
238.717,247.09,-155.463,71.7757,10.6044
238.747,247.02,-156.352,71.751,10.599
238.778,246.942,-157.269,71.7257,10.5934
238.808,246.864,-158.153,71.7013,10.588
238.838,246.781,-159.035,71.6769,10.5824
238.868,246.695,-159.914,71.6527,10.5768
238.898,246.604,-160.791,71.6285,10.5711
238.928,246.51,-161.664,71.6045,10.5654
238.958,246.412,-162.534,71.5805,10.5596
238.988,246.31,-163.401,71.5567,10.5537
239.018,246.204,-164.265,71.5329,10.5478
239.048,246.095,-165.125,71.5093,10.5419
239.078,245.982,-165.982,71.4858,10.5359
239.108,245.865,-166.835,71.4624,10.5298
239.138,245.745,-167.685,71.4391,10.5237
239.168,245.621,-168.531,71.4159,10.5175
239.198,245.495,-169.373,71.3928,10.5114
239.228,245.364,-170.211,71.3698,10.5051
239.258,245.231,-171.045,71.347,10.4988
239.288,245.094,-171.874,71.3243,10.4925
239.318,244.954,-172.7,71.3017,10.4862
239.348,244.811,-173.521,71.2793,10.4798
239.379,244.66,-174.364,71.2562,10.4732
239.409,244.511,-175.176,71.234,10.4667
239.439,244.36,-175.983,71.2119,10.4602
239.469,244.205,-176.786,71.19,10.4537
239.499,244.047,-177.583,71.1682,10.4472
239.529,243.887,-178.376,71.1465,10.4407
239.559,243.725,-179.163,71.125,10.4341
239.589,243.56,-179.945,71.1036,10.4275
239.619,243.392,-180.722,71.0824,10.4209
239.649,243.222,-181.494,71.0613,10.4143
239.679,243.05,-182.261,71.0404,10.4076
239.709,242.876,-183.022,71.0196,10.401
239.739,242.699,-183.777,70.9989,10.3944
239.769,242.521,-184.527,70.9785,10.3877
239.799,242.341,-185.27,70.9581,10.381
239.829,242.158,-186.009,70.938,10.3744
239.859,241.975,-186.741,70.9179,10.3677
239.889,241.789,-187.467,70.8981,10.361
239.919,241.602,-188.187,70.8784,10.3544
239.949,241.413,-188.901,70.8589,10.3477
239.979,241.223,-189.609,70.8395,10.3411
240.01,241.025,-190.333,70.8197,10.3342
240.04,240.832,-191.028,70.8007,10.3276
240.07,240.639,-191.716,70.7818,10.3209
240.1,240.444,-192.398,70.7631,10.3143
240.13,240.248,-193.073,70.7446,10.3078
240.16,240.052,-193.741,70.7263,10.3012
240.19,239.854,-194.403,70.7082,10.2946
240.22,239.656,-195.058,70.6902,10.2881
240.25,239.458,-195.706,70.6725,10.2816
240.28,239.259,-196.346,70.6549,10.2751
240.31,239.059,-196.98,70.6375,10.2687
240.34,238.86,-197.607,70.6203,10.2622
240.37,238.66,-198.226,70.6033,10.2558
240.4,238.46,-198.838,70.5864,10.2495
240.43,238.26,-199.443,70.5698,10.2432
240.46,238.061,-200.04,70.5534,10.2369
240.49,237.861,-200.63,70.5372,10.2306
240.52,237.662,-201.212,70.5211,10.2244
240.55,237.464,-201.787,70.5053,10.2183
240.58,237.266,-202.354,70.4897,10.2121
240.61,237.068,-202.913,70.4743,10.2061
240.641,236.865,-203.483,70.4586,10.1999
240.671,236.669,-204.026,70.4436,10.1939
240.701,236.474,-204.562,70.4288,10.188
240.731,236.28,-205.089,70.4142,10.1821
240.761,236.088,-205.608,70.3999,10.1763
240.791,235.896,-206.119,70.3858,10.1706
240.821,235.706,-206.622,70.3719,10.1649
240.851,235.517,-207.117,70.3582,10.1593
240.881,235.33,-207.603,70.3447,10.1537
240.911,235.145,-208.081,70.3315,10.1482
240.941,234.961,-208.551,70.3185,10.1428
240.971,234.779,-209.012,70.3057,10.1374
241.001,234.599,-209.464,70.2932,10.1321
241.031,234.422,-209.908,70.2809,10.1269
241.061,234.246,-210.344,70.2688,10.1218
241.091,234.072,-210.77,70.257,10.1167
241.121,233.901,-211.188,70.2454,10.1118
241.151,233.733,-211.597,70.234,10.1069
241.181,233.567,-211.996,70.2229,10.1021
241.211,233.403,-212.387,70.212,10.0973
241.241,233.242,-212.769,70.2014,10.0927
241.272,233.079,-213.154,70.1907,10.088
241.302,232.924,-213.518,70.1806,10.0835
241.332,232.772,-213.872,70.1708,10.0792
241.362,232.624,-214.217,70.1612,10.0749
241.392,232.478,-214.552,70.1518,10.0707
241.422,232.336,-214.879,70.1427,10.0667
241.452,232.197,-215.195,70.1339,10.0627
241.482,232.061,-215.503,70.1253,10.0588
241.512,231.929,-215.801,70.1171,10.0551
241.542,231.801,-216.089,70.109,10.0514
241.572,231.677,-216.367,70.1013,10.0479
241.602,231.556,-216.636,70.0938,10.0444
241.632,231.439,-216.895,70.0866,10.0411
241.662,231.327,-217.144,70.0796,10.0379
241.692,231.218,-217.383,70.0729,10.0348
241.722,231.113,-217.612,70.0666,10.0318
241.752,231.013,-217.831,70.0604,10.029
241.782,230.917,-218.04,70.0546,10.0262
241.812,230.825,-218.239,70.0491,10.0236
241.842,230.738,-218.427,70.0438,10.0211
241.872,230.655,-218.606,70.0388,10.0188
241.903,230.575,-218.779,70.034,10.0165
241.933,230.501,-218.936,70.0296,10.0144
241.963,230.433,-219.083,70.0255,10.0124
241.993,230.369,-219.219,70.0218,10.0106
242.023,230.31,-219.344,70.0183,10.0089
242.053,230.256,-219.459,70.0151,10.0074
242.083,230.207,-219.562,70.0122,10.006
242.113,230.163,-219.655,70.0096,10.0047
242.143,230.124,-219.738,70.0073,10.0036
242.173,230.091,-219.809,70.0053,10.0026
242.203,230.062,-219.869,70.0037,10.0018
242.233,230.039,-219.917,70.0023,10.0011
242.263,230.021,-219.955,70.0012,10.0006
242.293,230.009,-219.981,70.0005,10.0003
242.323,230.002,-219.996,70.0001,10.0001
