time,vel_theta1,vel_theta2,vel_d3,vel_theta4
60.525,0.0159922,-0.387185,0.140335,-0.371193
60.536,0.0316714,-0.771387,0.279741,-0.739716
60.547,0.0470376,-1.15261,0.418218,-1.10557
60.557,0.0607353,-1.49658,0.5433,-1.43585
60.568,0.0755039,-1.87211,0.680003,-1.79661
60.578,0.0886583,-2.21091,0.803471,-2.12226
60.589,0.102829,-2.58075,0.9384,-2.47792
60.6,0.116687,-2.9476,1.0724,-2.83091
60.611,0.130232,-3.31147,1.20547,-3.18124
60.621,0.142274,-3.63968,1.32564,-3.4974
60.632,0.155222,-3.99785,1.45693,-3.84263
60.642,0.166721,-4.32088,1.57549,-4.15416
60.653,0.17907,-4.67337,1.70501,-4.4943
60.664,0.191107,-5.02287,1.8336,-4.83176
60.675,0.202831,-5.36939,1.96126,-5.16656
60.685,0.213218,-5.68182,2.07651,-5.4686
60.696,0.224344,-6.02265,2.2024,-5.7983
60.706,0.234187,-6.3299,2.31604,-6.09572
60.717,0.244716,-6.66504,2.44016,-6.42032
60.728,0.254931,-6.99719,2.56334,-6.74226
60.739,0.264834,-7.32636,2.6856,-7.06153
60.749,0.273565,-7.62302,2.79594,-7.34945
60.76,0.28287,-7.9465,2.91642,-7.66363
60.77,0.291057,-8.23798,3.02514,-7.94692
60.781,0.299765,-8.55576,3.14385,-8.256
60.792,0.308159,-8.87057,3.26163,-8.56241
60.803,0.316241,-9.18239,3.37848,-8.86615
60.813,0.323316,-9.46327,3.4839,-9.13996
60.824,0.3308,-9.7694,3.59898,-9.4386
60.834,0.337332,-10.0451,3.70278,-9.70778
60.845,0.344218,-10.3455,3.81609,-10.0013
60.856,0.350792,-10.643,3.92846,-10.2922
60.867,0.357052,-10.9375,4.0399,-10.5804
60.877,0.362472,-11.2026,4.14041,-10.8401
60.888,0.368134,-11.4914,4.25008,-11.1232
60.898,0.373011,-11.7513,4.34897,-11.3783
60.909,0.378076,-12.0344,4.45686,-11.6563
60.92,0.382828,-12.3145,4.56383,-11.9317
60.931,0.387267,-12.5916,4.66987,-12.2043
60.941,0.391031,-12.8409,4.76546,-12.4499
60.952,0.394873,-13.1124,4.86972,-12.7175
60.962,0.398093,-13.3565,4.9637,-12.9584
60.973,0.401337,-13.6223,5.06618,-13.2209
60.984,0.404268,-13.885,5.16774,-13.4808
60.995,0.406886,-14.1448,5.26837,-13.7379
61.005,0.408995,-14.3784,5.35905,-13.9694
61.016,0.411015,-14.6324,5.4579,-14.2214
61.026,0.41258,-14.8608,5.54697,-14.4482
61.037,0.414003,-15.1092,5.64405,-14.6952
61.048,0.415113,-15.3546,5.7402,-14.9395
61.059,0.415909,-15.597,5.83542,-15.1811
61.069,0.416362,-15.8148,5.92118,-15.3985
61.08,0.416561,-16.0516,6.01463,-15.635
61.09,0.416471,-16.2642,6.09878,-15.8477
61.101,0.416072,-16.4952,6.19046,-16.0791
61.112,0.415361,-16.7233,6.2812,-16.3079
61.123,0.414337,-16.9483,6.37102,-16.534
61.133,0.413134,-17.1504,6.45186,-16.7372
61.144,0.411512,-17.3697,6.5399,-16.9582
61.154,0.409766,-17.5666,6.61914,-17.1568
61.165,0.407546,-17.7803,6.7054,-17.3727
61.176,0.405014,-17.991,6.79074,-17.586
61.187,0.402168,-18.1987,6.87515,-17.7965
61.197,0.399309,-18.3849,6.95108,-17.9856
61.208,0.395866,-18.587,7.03372,-18.1911
61.218,0.392465,-18.768,7.10803,-18.3756
61.229,0.388424,-18.9644,7.1889,-18.5759
61.24,0.38407,-19.1577,7.26883,-18.7737
61.251,0.379403,-19.3481,7.34783,-18.9687
61.261,0.374889,-19.5186,7.41885,-19.1437
61.272,0.369625,-19.7032,7.49607,-19.3336
61.283,0.364048,-19.8849,7.57237,-19.5209
61.294,0.358157,-20.0637,7.64774,-19.7055
61.304,0.352531,-20.2235,7.71546,-19.871
61.315,0.346043,-20.3966,7.78905,-20.0505
61.325,0.339873,-20.5513,7.85515,-20.2114
61.336,0.332788,-20.7186,7.92697,-20.3858
61.347,0.325389,-20.8829,7.99787,-20.5575
61.358,0.317678,-21.0443,8.06783,-20.7266
61.368,0.310395,-21.1884,8.13063,-20.878
61.379,0.302086,-21.3441,8.19882,-21.042
61.389,0.294261,-21.483,8.26,-21.1887
61.4,0.285354,-21.633,8.32642,-21.3476
61.411,0.276135,-21.78,8.3919,-21.5038
61.422,0.266602,-21.924,8.45646,-21.6574
61.432,0.257664,-22.0523,8.51434,-21.7947
61.443,0.247534,-22.1906,8.57712,-21.9431
61.453,0.238053,-22.3138,8.63339,-22.0757
61.464,0.227325,-22.4464,8.6944,-22.2191
61.475,0.216284,-22.5761,8.75448,-22.3598
61.486,0.20493,-22.7027,8.81363,-22.4978
61.496,0.194337,-22.8153,8.8666,-22.621
61.507,0.182386,-22.9363,8.92397,-22.7539
61.517,0.171249,-23.0436,8.97533,-22.8724
61.528,0.1587,-23.1589,9.03093,-23.0002
61.539,0.145838,-23.2712,9.0856,-23.1254
61.55,0.132663,-23.3805,9.13934,-23.2479
61.56,0.120414,-23.4773,9.18739,-23.3569
61.571,0.106641,-23.5809,9.23936,-23.4743
61.581,0.0938492,-23.6726,9.2858,-23.5787
61.592,0.079479,-23.7705,9.336,-23.691
61.603,0.0647958,-23.8654,9.38526,-23.8006
61.614,0.0497995,-23.9574,9.4336,-23.9076
61.624,0.035895,-24.0384,9.47674,-24.0025
61.635,0.0203012,-24.1247,9.5233,-24.1044
61.645,0.00585335,-24.2005,9.56482,-24.1947
61.656,-0.010338,-24.2811,9.60961,-24.2914
61.667,-0.0268424,-24.3587,9.65347,-24.3855
61.678,-0.0436598,-24.4333,9.6964,-24.477
61.688,-0.05922,-24.4985,9.73462,-24.5578
61.699,-0.076635,-24.5675,9.77578,-24.6441
61.709,-0.0927384,-24.6275,9.81238,-24.7203
61.72,-0.110751,-24.6908,9.85177,-24.8015
61.731,-0.129077,-24.751,9.89022,-24.8801
61.742,-0.147715,-24.8083,9.92774,-24.956
61.752,-0.164931,-24.8577,9.96105,-25.0227
61.763,-0.184167,-24.9093,9.9968,-25.0935
61.773,-0.201926,-24.9536,10.0285,-25.1555
61.784,-0.22176,-24.9995,10.0625,-25.2212
61.795,-0.241907,-25.0424,10.0955,-25.2843
61.806,-0.262366,-25.0823,10.1276,-25.3447
61.816,-0.281238,-25.116,10.156,-25.3972
61.827,-0.302295,-25.1502,10.1864,-25.4525
61.837,-0.32171,-25.1787,10.2131,-25.5004
61.848,-0.343365,-25.2072,10.2417,-25.5506
61.859,-0.365333,-25.2328,10.2693,-25.5981
61.87,-0.387613,-25.2554,10.2961,-25.643
61.88,-0.40814,-25.2733,10.3195,-25.6814
61.891,-0.431019,-25.2902,10.3445,-25.7212
61.901,-0.452089,-25.3029,10.3663,-25.755
61.912,-0.475565,-25.3141,10.3895,-25.7896
61.923,-0.499354,-25.3223,10.4117,-25.8216
61.934,-0.523457,-25.3275,10.433,-25.8509
61.944,-0.545639,-25.3296,10.4516,-25.8753
61.955,-0.570339,-25.3292,10.4711,-25.8995
61.965,-0.593065,-25.3261,10.4881,-25.9192
61.976,-0.618362,-25.32,10.5058,-25.9383
61.987,-0.643972,-25.3108,10.5226,-25.9548
61.998,-0.669896,-25.2987,10.5385,-25.9686
62.008,-0.693734,-25.285,10.5522,-25.9788
62.019,-0.720255,-25.2672,10.5663,-25.9875
62.029,-0.744636,-25.2484,10.5783,-25.9931
62.04,-0.771755,-25.2249,10.5907,-25.9966
62.051,-0.799186,-25.1984,10.6021,-25.9976
62.062,-0.82693,-25.1689,10.6126,-25.9958
62.072,-0.852424,-25.1395,10.6213,-25.9919
62.083,-0.880766,-25.1043,10.63,-25.9851
62.093,-0.906803,-25.0698,10.6372,-25.9766
62.104,-0.935743,-25.0289,10.6441,-25.9646
62.115,-0.964996,-24.985,10.6501,-25.95
62.126,-0.994561,-24.9382,10.6552,-25.9328
62.136,-1.02171,-24.893,10.659,-25.9147
62.147,-1.05187,-24.8405,10.6623,-25.8924
62.158,-1.08235,-24.785,10.6647,-25.8673
62.169,-1.11314,-24.7265,10.6661,-25.8396
62.179,-1.1414,-24.6707,10.6667,-25.8121
62.19,-1.17279,-24.6065,10.6663,-25.7793
62.2,-1.20159,-24.5456,10.6652,-25.7472
62.211,-1.23358,-24.4757,10.6631,-25.7093
62.222,-1.26588,-24.4029,10.6601,-25.6687
62.233,-1.29849,-24.327,10.6561,-25.6255
62.243,-1.3284,-24.2555,10.6517,-25.5839
62.254,-1.36161,-24.1739,10.646,-25.5355
62.264,-1.39207,-24.0972,10.64,-25.4893
62.275,-1.42588,-24.01,10.6325,-25.4359
62.286,-1.46,-23.9198,10.6241,-25.3798
62.297,-1.49443,-23.8266,10.6147,-25.321
62.307,-1.526,-23.7393,10.6054,-25.2653
62.318,-1.56103,-23.6404,10.5942,-25.2014
62.328,-1.59315,-23.5479,10.5833,-25.1411
62.339,-1.62877,-23.4433,10.5704,-25.0721
62.35,-1.66471,-23.3358,10.5566,-25.0005
62.361,-1.70097,-23.2252,10.5418,-24.9262
62.371,-1.73419,-23.1221,10.5276,-24.8563
62.382,-1.77104,-23.0059,10.511,-24.7769
62.392,-1.80482,-22.8976,10.4952,-24.7025
62.403,-1.84226,-22.7757,10.4768,-24.618
62.414,-1.88003,-22.6508,10.4576,-24.5308
62.425,-1.9181,-22.5229,10.4374,-24.441
62.435,-1.95298,-22.404,10.4183,-24.357
62.446,-1.99165,-22.2705,10.3963,-24.2621
62.456,-2.02708,-22.1464,10.3756,-24.1735
62.467,-2.06635,-22.0072,10.3518,-24.0735
62.478,-2.10593,-21.8649,10.3272,-23.9708
62.489,-2.14583,-21.7196,10.3016,-23.8655
62.499,-2.18237,-21.585,10.2775,-23.7674
62.51,-2.22286,-21.4341,10.2502,-23.6569
62.52,-2.25994,-21.2943,10.2245,-23.5542
62.531,-2.30103,-21.1376,10.1954,-23.4387
62.542,-2.34244,-20.978,10.1653,-23.3205
62.553,-2.38415,-20.8154,10.1343,-23.1996
62.563,-2.42235,-20.665,10.1053,-23.0874
62.574,-2.46466,-20.4967,10.0726,-22.9614
62.584,-2.5034,-20.3412,10.042,-22.8446
62.595,-2.54631,-20.1672,10.0074,-22.7135
62.606,-2.58954,-19.9902,9.97198,-22.5798
62.617,-2.63308,-19.8103,9.93558,-22.4434
62.627,-2.67293,-19.6441,9.90169,-22.317
62.638,-2.71706,-19.4585,9.86352,-22.1755
62.648,-2.75746,-19.2871,9.82801,-22.0446
62.659,-2.80219,-19.0958,9.78806,-21.898
62.67,-2.84723,-18.9015,9.74719,-21.7487
62.681,-2.89259,-18.7042,9.70539,-21.5968
62.691,-2.9341,-18.5222,9.66658,-21.4563
62.702,-2.98006,-18.3193,9.623,-21.2993
62.712,-3.02211,-18.1321,9.58258,-21.1542
62.723,-3.06866,-17.9235,9.53722,-20.9921
62.734,-3.11553,-17.7118,9.49094,-20.8273
62.745,-3.16271,-17.4971,9.44373,-20.6599
62.755,-3.20587,-17.2994,9.40001,-20.5053
62.766,-3.25365,-17.0791,9.35102,-20.3327
62.776,-3.29735,-16.8762,9.30569,-20.1735
62.787,-3.34573,-16.6502,9.25493,-19.9959
62.798,-3.39442,-16.4212,9.20324,-19.8156
62.809,-3.44342,-16.1892,9.15062,-19.6326
62.823,-3.50623,-15.8896,9.08231,-19.3958
62.834,-3.55595,-15.6508,9.02758,-19.2068
62.845,-3.60597,-15.4091,8.97193,-19.015
62.856,-3.65631,-15.1643,8.91534,-18.8206
62.867,-3.70696,-14.9166,8.85782,-18.6236
62.877,-3.75328,-14.6888,8.80473,-18.4421
62.888,-3.80453,-14.4354,8.74544,-18.2399
62.898,-3.85139,-14.2024,8.69073,-18.0538
62.909,-3.90324,-13.9433,8.62966,-17.8466
62.92,-3.9554,-13.6813,8.56767,-17.6366
62.931,-4.00787,-13.4162,8.50475,-17.4241
62.941,-4.05584,-13.1726,8.44674,-17.2285
62.952,-4.10891,-12.9019,8.38204,-17.0108
62.962,-4.15743,-12.6531,8.32242,-16.8106
62.973,-4.2111,-12.3767,8.25594,-16.5878
62.984,-4.26508,-12.0972,8.18854,-16.3623
62.995,-4.31937,-11.8148,8.12021,-16.1342
63.005,-4.369,-11.5555,8.05729,-15.9245
63.016,-4.42297,-11.3037,8,-15.7266
63.026,-4.46825,-11.2222,8,-15.6904
63.037,-4.51781,-11.1329,8,-15.6507
63.048,-4.56714,-11.044,8,-15.6112
63.059,-4.61621,-10.9555,8,-15.5717
63.069,-4.66061,-10.8752,8,-15.5359
63.08,-4.70921,-10.7874,8,-15.4966
63.09,-4.75319,-10.7078,8,-15.4609
63.101,-4.80132,-10.6205,8,-15.4219
63.112,-4.84921,-10.5337,8,-15.3829
63.123,-4.89685,-10.4472,8,-15.344
63.133,-4.93994,-10.3688,8,-15.3088
63.144,-4.98711,-10.283,8,-15.2701
63.154,-5.02978,-10.2052,8,-15.235
63.165,-5.07648,-10.1201,8,-15.1965
63.176,-5.12293,-10.0353,8,-15.1582
63.187,-5.16913,-9.95079,8,-15.1199
63.197,-5.21092,-9.87431,8,-15.0852
63.208,-5.25666,-9.79051,8,-15.0472
63.218,-5.29802,-9.71464,8,-15.0127
63.229,-5.34328,-9.63152,8,-14.9748
63.24,-5.3883,-9.54875,8,-14.9371
63.251,-5.43307,-9.46634,8,-14.8994
63.261,-5.47356,-9.39172,8,-14.8653
63.272,-5.51786,-9.30997,8,-14.8278
63.283,-5.56191,-9.22858,8,-14.7905
63.294,-5.60572,-9.14754,8,-14.7533
63.304,-5.64533,-9.07418,8,-14.7195
63.315,-5.68866,-8.99381,8,-14.6825
63.325,-5.72785,-8.92105,8,-14.6489
63.336,-5.77071,-8.84136,8,-14.6121
63.347,-5.81333,-8.76201,8,-14.5753
63.358,-5.8557,-8.68302,8,-14.5387
63.368,-5.89401,-8.61152,8,-14.5055
63.379,-5.93591,-8.5332,8,-14.4691
63.389,-5.97378,-8.46231,8,-14.4361
63.4,-6.01521,-8.38466,8,-14.3999
63.411,-6.0564,-8.30737,8,-14.3638
63.422,-6.09733,-8.23043,8,-14.3278
63.432,-6.13433,-8.16079,8,-14.2951
63.443,-6.1748,-8.08452,8,-14.2593
63.453,-6.21137,-8.01549,8,-14.2269
63.465,-6.25499,-7.93303,8,-14.188
63.476,-6.29472,-7.85782,8,-14.1525
63.487,-6.3342,-7.78296,8,-14.1172
63.498,-6.37343,-7.70845,8,-14.0819
63.508,-6.40888,-7.64102,8,-14.0499
63.519,-6.44765,-7.56719,8,-14.0148
63.529,-6.48267,-7.50037,8,-13.983
63.54,-6.52096,-7.42721,8,-13.9482
63.551,-6.55901,-7.35439,8,-13.9134
63.562,-6.5968,-7.28193,8,-13.8787
63.572,-6.63095,-7.21637,8,-13.8473
63.583,-6.66828,-7.14458,8,-13.8129
63.593,-6.702,-7.07963,8,-13.7816
63.604,-6.73885,-7.00851,8,-13.7474
63.615,-6.77546,-6.93775,8,-13.7132
63.626,-6.81183,-6.86734,8,-13.6792
63.636,-6.84467,-6.80363,8,-13.6483
63.647,-6.88056,-6.7339,8,-13.6145
63.658,-6.91621,-6.66451,8,-13.5807
63.669,-6.95161,-6.59548,8,-13.5471
63.679,-6.98358,-6.53302,8,-13.5166
63.69,-7.0185,-6.46466,8,-13.4832
63.7,-7.05004,-6.40282,8,-13.4529
63.711,-7.0845,-6.33513,8,-13.4196
63.722,-7.11871,-6.2678,8,-13.3865
63.733,-7.15268,-6.20081,8,-13.3535
63.743,-7.18334,-6.14022,8,-13.3236
63.754,-7.21683,-6.07391,8,-13.2907
63.764,-7.24707,-6.01393,8,-13.261
63.775,-7.28009,-5.94829,8,-13.2284
63.786,-7.31287,-5.883,8,-13.1959
63.797,-7.34539,-5.81807,8,-13.1635
63.807,-7.37475,-5.75934,8,-13.1341
63.818,-7.40681,-5.69508,8,-13.1019
63.828,-7.43574,-5.63696,8,-13.0727
63.839,-7.46733,-5.57337,8,-13.0407
63.85,-7.49867,-5.51013,8,-13.0088
63.861,-7.52977,-5.44725,8,-12.977
63.871,-7.55782,-5.39038,8,-12.9482
63.882,-7.58844,-5.32817,8,-12.9166
63.892,-7.61607,-5.27192,8,-12.888
63.903,-7.64622,-5.21037,8,-12.8566
63.914,-7.67613,-5.14918,8,-12.8253
63.925,-7.70579,-5.08835,8,-12.7941
63.935,-7.73254,-5.03335,8,-12.7659
63.946,-7.76173,-4.97318,8,-12.7349
63.956,-7.78805,-4.91879,8,-12.7068
63.967,-7.81677,-4.8593,8,-12.6761
63.978,-7.84524,-4.80016,8,-12.6454
63.989,-7.87346,-4.74137,8,-12.6148
63.999,-7.89891,-4.68823,8,-12.5871
64.01,-7.92666,-4.63011,8,-12.5568
64.021,-7.95417,-4.57235,8,-12.5265
64.031,-7.97896,-4.52014,8,-12.4991
64.042,-8.006,-4.46305,8,-12.4691
64.052,-8.03036,-4.41146,8,-12.4418
64.063,-8.05693,-4.35504,8,-12.412
64.074,-8.08325,-4.29897,8,-12.3822
64.084,-8.10696,-4.2483,8,-12.3553
64.095,-8.13281,-4.19291,8,-12.3257
64.105,-8.1561,-4.14286,8,-12.299
64.116,-8.18147,-4.08813,8,-12.2696
64.126,-8.20433,-4.03869,8,-12.243
64.137,-8.22924,-3.98464,8,-12.2139
64.147,-8.25167,-3.93581,8,-12.1875
64.158,-8.2761,-3.88243,8,-12.1585
64.168,-8.2981,-3.83421,8,-12.1323
64.179,-8.32207,-3.78151,8,-12.1036
64.19,-8.34579,-3.72915,8,-12.0749
64.2,-8.36713,-3.68187,8,-12.049
64.211,-8.39038,-3.63019,8,-12.0206
64.221,-8.4113,-3.58351,8,-11.9948
64.232,-8.43408,-3.5325,8,-11.9666
64.242,-8.45457,-3.48643,8,-11.941
64.253,-8.47688,-3.4361,8,-11.913
64.263,-8.49694,-3.39064,8,-11.8876
64.274,-8.51878,-3.34098,8,-11.8598
64.284,-8.53841,-3.29614,8,-11.8346
64.295,-8.55978,-3.24715,8,-11.8069
64.305,-8.57899,-3.20291,8,-11.7819
64.316,-8.59988,-3.15459,8,-11.7545
64.327,-8.62053,-3.10663,8,-11.7272
64.337,-8.63909,-3.06333,8,-11.7024
64.348,-8.65926,-3.01603,8,-11.6753
64.358,-8.67739,-2.97334,8,-11.6507
64.369,-8.6971,-2.92672,8,-11.6238
64.379,-8.7148,-2.88464,8,-11.5994
64.39,-8.73403,-2.83869,8,-11.5727
64.4,-8.7513,-2.79722,8,-11.5485
64.411,-8.77007,-2.75195,8,-11.522
64.421,-8.78691,-2.71109,8,-11.498
64.432,-8.8052,-2.66649,8,-11.4717
64.443,-8.82325,-2.62223,8,-11.4455
64.453,-8.83944,-2.58231,8,-11.4218
64.464,-8.85702,-2.53873,8,-11.3957
64.474,-8.87278,-2.49941,8,-11.3722
64.485,-8.88989,-2.45651,8,-11.3464
64.495,-8.90522,-2.4178,8,-11.323
64.506,-8.92186,-2.37557,8,-11.2974
64.516,-8.93677,-2.33748,8,-11.2742
64.527,-8.95293,-2.29591,8,-11.2488
64.537,-8.96741,-2.25843,8,-11.2258
64.548,-8.9831,-2.21754,8,-11.2006
64.558,-8.99715,-2.18067,8,-11.1778
64.569,-9.01238,-2.14045,8,-11.1528
64.58,-9.02735,-2.10059,8,-11.1279
64.59,-9.04075,-2.06465,8,-11.1054
64.601,-9.05526,-2.02546,8,-11.0807
64.611,-9.06823,-1.99013,8,-11.0584
64.622,-9.08226,-1.95161,8,-11.0339
64.632,-9.0948,-1.91689,8,-11.0117
64.643,-9.10837,-1.87904,8,-10.9874
64.653,-9.12048,-1.84494,8,-10.9654
64.664,-9.13357,-1.80776,8,-10.9413
64.674,-9.14526,-1.77427,8,-10.9195
64.685,-9.15788,-1.73776,8,-10.8956
64.696,-9.17026,-1.70161,8,-10.8719
64.706,-9.18129,-1.66905,8,-10.8503
64.717,-9.1932,-1.63357,8,-10.8268
64.727,-9.2038,-1.60162,8,-10.8054
64.738,-9.21524,-1.56681,8,-10.7821
64.748,-9.22542,-1.53547,8,-10.7609
64.759,-9.23638,-1.50134,8,-10.7377
64.769,-9.24613,-1.47061,8,-10.7167
64.78,-9.25662,-1.43715,8,-10.6938
64.79,-9.26595,-1.40703,8,-10.673
64.801,-9.27597,-1.37424,8,-10.6502
64.811,-9.28486,-1.34474,8,-10.6296
64.822,-9.29441,-1.31262,8,-10.607
64.833,-9.30371,-1.28085,8,-10.5846
64.843,-9.31196,-1.25228,8,-10.5642
64.854,-9.32079,-1.22118,8,-10.542
64.864,-9.32861,-1.19322,8,-10.5218
64.875,-9.33697,-1.1628,8,-10.4998
64.885,-9.34435,-1.13545,8,-10.4798
64.896,-9.35225,-1.1057,8,-10.4579
64.906,-9.3592,-1.07896,8,-10.4382
64.917,-9.36662,-1.04988,8,-10.4165
64.927,-9.37316,-1.02375,8,-10.3969
64.938,-9.3801,-0.995346,8,-10.3755
64.949,-9.38681,-0.967293,8,-10.3541
64.959,-9.39269,-0.942096,8,-10.3348
64.97,-9.39892,-0.914716,8,-10.3136
64.98,-9.40437,-0.89013,8,-10.2945
64.991,-9.41013,-0.863422,8,-10.2736
65.001,-9.41515,-0.839447,8,-10.2546
65.012,-9.42044,-0.813411,8,-10.2339
65.022,-9.42504,-0.790048,8,-10.2151
65.033,-9.42986,-0.764684,8,-10.1945
65.043,-9.43402,-0.741932,8,-10.176
65.054,-9.43837,-0.717241,8,-10.1556
65.065,-9.44247,-0.692902,8,-10.1354
65.075,-9.44599,-0.671081,8,-10.1171
65.086,-9.44962,-0.647414,8,-10.097
65.096,-9.45271,-0.626205,8,-10.0789
65.107,-9.45587,-0.60321,8,-10.0591
65.117,-9.45853,-0.582612,8,-10.0411
65.128,-9.46122,-0.56029,8,-10.0215
65.138,-9.46345,-0.540303,8,-10.0037
65.149,-9.46567,-0.518653,8,-9.98432
65.159,-9.46747,-0.499277,8,-9.96675
65.17,-9.46922,-0.4783,8,-9.94752
65.18,-9.47059,-0.459535,8,-9.93013
65.191,-9.47187,-0.43923,8,-9.9111
65.202,-9.4729,-0.419277,8,-9.89218
65.212,-9.47362,-0.401444,8,-9.87506
65.223,-9.47418,-0.382163,8,-9.85634
65.233,-9.47448,-0.364941,8,-9.83942
65.244,-9.47456,-0.346333,8,-9.8209
65.254,-9.47443,-0.329722,8,-9.80415
65.265,-9.47405,-0.311786,8,-9.78584
65.275,-9.47349,-0.295787,8,-9.76927
65.286,-9.47263,-0.278523,8,-9.75116
65.296,-9.47165,-0.263135,8,-9.73478
65.307,-9.47032,-0.246544,8,-9.71687
65.318,-9.46875,-0.230305,8,-9.69906
65.328,-9.46711,-0.215848,8,-9.68296
65.339,-9.46507,-0.200281,8,-9.66535
65.349,-9.463,-0.186435,8,-9.64943
65.36,-9.46049,-0.171541,8,-9.63203
65.37,-9.45799,-0.158306,8,-9.6163
65.381,-9.45501,-0.144084,8,-9.59909
65.391,-9.45208,-0.131461,8,-9.58354
65.402,-9.44863,-0.117911,8,-9.56654
65.412,-9.44527,-0.105899,8,-9.55117
65.423,-9.44135,-0.093022,8,-9.53437
65.433,-9.43757,-0.081621,8,-9.51919
65.444,-9.43317,-0.0694161,8,-9.50259
65.455,-9.42853,-0.0575634,8,-9.4861
65.465,-9.4241,-0.0470938,8,-9.47119
65.476,-9.41899,-0.0359134,8,-9.4549
65.486,-9.41412,-0.026055,8,-9.44018
65.497,-9.40854,-0.015547,8,-9.42409
65.507,-9.40325,-0.00629984,8,-9.40955
65.518,-9.4014,0.00358244,7.99362,-9.39782
65.528,-9.40641,0.0127423,7.97779,-9.39366
65.539,-9.412,0.0231543,7.9606,-9.38884
65.549,-9.41716,0.0329254,7.94518,-9.38424
65.561,-9.42346,0.0450348,7.92692,-9.37843
65.572,-9.42934,0.0565034,7.91043,-9.37283
65.583,-9.43531,0.0683241,7.89417,-9.36698
65.593,-9.44082,0.0793758,7.87959,-9.36144
65.604,-9.44697,0.0918688,7.86378,-9.3551
65.614,-9.45264,0.103532,7.8496,-9.34911
65.625,-9.45897,0.116697,7.83423,-9.34227
65.635,-9.46481,0.128971,7.82046,-9.33584
65.646,-9.47132,0.142809,7.80553,-9.32851
65.656,-9.47732,0.155694,7.79216,-9.32163
65.667,-9.48402,0.170204,7.77767,-9.31381
65.677,-9.49018,0.183701,7.76471,-9.30648
65.688,-9.49706,0.198883,7.75066,-9.29817
65.699,-9.50402,0.214418,7.73686,-9.28961
65.709,-9.51044,0.228846,7.7245,-9.28159
65.72,-9.51759,0.245053,7.71114,-9.27254
65.73,-9.52417,0.260092,7.69919,-9.26408
65.741,-9.5315,0.276971,7.68627,-9.25453
65.751,-9.53824,0.292622,7.67472,-9.24562
65.762,-9.54575,0.310173,7.66224,-9.23558
65.772,-9.55266,0.326435,7.6511,-9.22623
65.783,-9.56036,0.344659,7.63907,-9.2157
65.793,-9.56743,0.361532,7.62833,-9.2059
65.804,-9.5753,0.380428,7.61674,-9.19487
65.815,-9.58327,0.399677,7.60538,-9.18359
65.825,-9.59059,0.417481,7.59525,-9.17311
65.836,-9.59874,0.437402,7.58434,-9.16134
65.846,-9.60623,0.455817,7.57462,-9.15041
65.857,-9.61455,0.47641,7.56414,-9.13814
65.867,-9.62221,0.495437,7.55482,-9.12677
65.878,-9.63072,0.516702,7.5448,-9.11401
65.888,-9.63853,0.53634,7.53588,-9.10219
65.899,-9.64722,0.558278,7.5263,-9.08894
65.909,-9.6552,0.578527,7.51778,-9.07668
65.92,-9.66407,0.601137,7.50864,-9.06294
65.93,-9.67222,0.621998,7.50053,-9.05022
65.941,-9.68127,0.64528,7.49184,-9.03599
65.952,-9.69042,0.668915,7.48337,-9.0215
65.962,-9.69881,0.690707,7.47588,-9.00811
65.973,-9.70814,0.715014,7.46785,-8.99312
65.983,-9.7167,0.737416,7.46076,-8.97928
65.994,-9.7262,0.762396,7.45318,-8.96381
66.004,-9.73493,0.78541,7.4465,-8.94952
66.015,-9.74462,0.811062,7.43936,-8.93356
66.025,-9.75351,0.834687,7.43308,-8.91882
66.036,-9.76337,0.861011,7.42638,-8.90236
66.046,-9.77243,0.885248,7.4205,-8.88718
66.057,-9.78248,0.912244,7.41426,-8.87023
66.068,-9.79262,0.939593,7.40824,-8.85303
66.078,-9.80192,0.964761,7.40297,-8.83716
66.089,-9.81225,0.992781,7.3974,-8.81947
66.099,-9.82172,1.01856,7.39254,-8.80316
66.11,-9.83222,1.04725,7.38741,-8.78497
66.12,-9.84185,1.07364,7.38295,-8.76821
66.131,-9.85254,1.10301,7.37826,-8.74953
66.141,-9.86234,1.13001,7.3742,-8.73232
66.152,-9.8732,1.16005,7.36996,-8.71315
66.162,-9.88316,1.18766,7.36631,-8.6955
66.173,-9.89421,1.21837,7.36251,-8.67584
66.183,-9.90434,1.2466,7.35926,-8.65774
66.194,-9.91556,1.27798,7.3559,-8.63759
66.205,-9.92689,1.30971,7.35278,-8.61717
66.215,-9.93726,1.33887,7.35015,-8.59839
66.226,-9.94877,1.37128,7.34747,-8.57749
66.236,-9.95931,1.40104,7.34523,-8.55826
66.247,-9.97099,1.43412,7.343,-8.53687
66.257,-9.98169,1.4645,7.34117,-8.51719
66.268,-9.99356,1.49825,7.33938,-8.49531
66.278,-10.0044,1.52924,7.33795,-8.47519
66.289,-10.0165,1.56367,7.3366,-8.45281
66.299,-10.0275,1.59527,7.33558,-8.43224
66.31,-10.0397,1.63036,7.33467,-8.40937
66.321,-10.0521,1.66581,7.334,-8.38624
66.331,-10.0633,1.69834,7.33359,-8.36499
66.342,-10.0758,1.73446,7.33336,-8.34137
66.352,-10.0873,1.76761,7.33335,-8.31968
66.363,-10.1,1.8044,7.33357,-8.29557
66.373,-10.1116,1.83815,7.33397,-8.27343
66.384,-10.1244,1.87562,7.33462,-8.24882
66.394,-10.1362,1.90998,7.33542,-8.22623
66.405,-10.1493,1.94812,7.33653,-8.20114
66.415,-10.1612,1.9831,7.33773,-8.1781
66.426,-10.1744,2.02191,7.33927,-8.15252
66.436,-10.1865,2.0575,7.34088,-8.12903
66.447,-10.1999,2.09698,7.34287,-8.10296
66.458,-10.2134,2.13682,7.34509,-8.07662
66.468,-10.2258,2.17333,7.34731,-8.05246
66.479,-10.2395,2.21384,7.34998,-8.02563
66.489,-10.252,2.25097,7.3526,-8.00102
66.5,-10.2659,2.29215,7.35571,-7.9737
66.51,-10.2785,2.32989,7.35874,-7.94864
66.521,-10.2926,2.37174,7.36229,-7.92083
66.531,-10.3054,2.4101,7.36572,-7.89533
66.542,-10.3197,2.45262,7.36971,-7.86703
66.552,-10.3327,2.49159,7.37355,-7.84108
66.563,-10.3471,2.53478,7.37799,-7.81228
66.574,-10.3616,2.57833,7.38266,-7.78323
66.584,-10.3748,2.61823,7.3871,-7.7566
66.595,-10.3895,2.66245,7.39222,-7.72706
66.605,-10.4029,2.70295,7.39707,-7.69998
66.616,-10.4178,2.74785,7.40263,-7.66995
66.629,-10.4355,2.80136,7.4095,-7.63412
66.64,-10.4505,2.84702,7.41556,-7.60352
66.65,-10.4643,2.88884,7.42128,-7.57549
66.661,-10.4796,2.93517,7.42778,-7.5444
66.676,-10.5005,2.99892,7.43703,-7.50159
66.686,-10.5146,3.04178,7.44344,-7.47279
66.697,-10.5301,3.08927,7.45071,-7.44086
66.708,-10.5458,3.13711,7.45821,-7.40867
66.718,-10.5601,3.18091,7.46523,-7.37919
66.729,-10.5759,3.22942,7.47318,-7.34651
66.739,-10.5904,3.27382,7.4806,-7.31658
66.75,-10.6064,3.32301,7.48899,-7.28341
66.76,-10.6211,3.36803,7.49682,-7.25303
66.771,-10.6372,3.41788,7.50565,-7.21937
66.781,-10.6521,3.46351,7.51388,-7.18854
66.792,-10.6684,3.51404,7.52315,-7.15439
66.802,-10.6834,3.56028,7.53179,-7.12311
66.813,-10.6999,3.61148,7.54151,-7.08847
66.824,-10.7166,3.66303,7.55146,-7.05357
66.834,-10.7318,3.7102,7.5607,-7.02161
66.845,-10.7486,3.76243,7.5711,-6.98622
66.855,-10.764,3.81021,7.58075,-6.95382
66.866,-10.781,3.86311,7.59159,-6.91793
66.876,-10.7966,3.9115,7.60164,-6.88508
66.887,-10.8138,3.96507,7.61292,-6.84871
66.897,-10.8295,4.01408,7.62338,-6.81541
66.915,-10.858,4.10302,7.64269,-6.75495
66.926,-10.8755,4.15784,7.65479,-6.71766
66.936,-10.8915,4.20798,7.666,-6.68353
66.947,-10.9092,4.26347,7.67855,-6.64575
66.958,-10.927,4.31932,7.69133,-6.60771
66.968,-10.9433,4.37039,7.70315,-6.5729
66.979,-10.9613,4.4269,7.71638,-6.53437
66.989,-10.9777,4.47859,7.7286,-6.49912
67,-10.9959,4.53577,7.74227,-6.4601
67.01,-11.0125,4.58807,7.7549,-6.4244
67.021,-11.0308,4.64593,7.76901,-6.38488
67.031,-11.0476,4.69883,7.78204,-6.34874
67.042,-11.0661,4.75737,7.79659,-6.30873
67.052,-11.083,4.81088,7.81003,-6.27214
67.063,-11.1017,4.87009,7.82502,-6.23164
67.074,-11.1205,4.92964,7.84026,-6.19089
67.084,-11.1377,4.98409,7.8543,-6.15361
67.095,-11.1567,5.04432,7.86998,-6.11236
67.105,-11.174,5.09938,7.88443,-6.07464
67.116,-11.1932,5.16028,7.90055,-6.03291
67.126,-11.2107,5.21595,7.9154,-5.99474
67.137,-11.23,5.27753,7.93196,-5.95251
67.147,-11.2477,5.33381,7.94722,-5.91389
67.158,-11.2672,5.39606,7.96423,-5.87117
67.168,-11.2851,5.45295,7.97989,-5.83211
67.179,-11.3048,5.51587,7.99734,-5.7889
67.19,-11.3246,5.57914,8.01502,-5.74542
67.2,-11.3426,5.63696,8.03129,-5.70568
67.211,-11.3626,5.70091,8.04942,-5.66172
67.221,-11.3809,5.75934,8.0661,-5.62153
67.232,-11.401,5.82396,8.08466,-5.57708
67.242,-11.4194,5.883,8.10174,-5.53644
67.253,-11.4398,5.94829,8.12076,-5.49149
67.263,-11.4584,6.00795,8.13824,-5.45041
67.274,-11.4789,6.07391,8.1577,-5.40497
67.284,-11.4976,6.13418,8.17558,-5.36344
67.295,-11.5183,6.20081,8.19548,-5.31751
67.305,-11.5372,6.26169,8.21377,-5.27554
67.316,-11.5581,6.329,8.23412,-5.22912
67.327,-11.5791,6.39665,8.25469,-5.18244
67.337,-11.5982,6.45847,8.2736,-5.13978
67.348,-11.6194,6.5268,8.29461,-5.09261
67.358,-11.6387,6.58922,8.31392,-5.0495
67.369,-11.6601,6.65822,8.33538,-5.00184
67.379,-11.6795,6.72125,8.3551,-4.95829
67.39,-11.7011,6.79093,8.377,-4.91014
67.4,-11.7207,6.85457,8.39712,-4.86614
67.411,-11.7424,6.92492,8.41946,-4.8175
67.421,-11.7622,6.98918,8.43998,-4.77305
67.432,-11.7841,7.0602,8.46277,-4.72391
67.443,-11.8061,7.13157,8.4858,-4.67452
67.453,-11.8261,7.19675,8.50693,-4.62939
67.464,-11.8483,7.2688,8.5304,-4.57951
67.474,-11.8685,7.3346,8.55194,-4.53393
67.485,-11.8909,7.40731,8.57585,-4.48356
67.495,-11.9113,7.47372,8.59779,-4.43754
67.506,-11.9338,7.54711,8.62214,-4.38667
67.516,-11.9543,7.61413,8.64448,-4.3402
67.527,-11.977,7.68819,8.66928,-4.28884
67.537,-11.9978,7.75583,8.69203,-4.24192
67.548,-12.0206,7.83056,8.71727,-4.19007
67.558,-12.0415,7.8988,8.74042,-4.14271
67.569,-12.0646,7.97421,8.7661,-4.09037
67.58,-12.0877,8.04997,8.79202,-4.03777
67.59,-12.1089,8.11914,8.81578,-3.98972
67.601,-12.1322,8.19557,8.84215,-3.93663
67.611,-12.1535,8.26536,8.86631,-3.88814
67.622,-12.177,8.34246,8.89312,-3.83456
67.632,-12.1985,8.41286,8.91769,-3.78562
67.643,-12.2222,8.49063,8.94494,-3.73155
67.653,-12.2438,8.56164,8.96991,-3.68216
67.664,-12.2677,8.64009,8.9976,-3.6276
67.674,-12.2895,8.71171,9.02298,-3.57777
67.685,-12.3135,8.79083,9.05111,-3.52271
67.696,-12.3377,8.8703,9.07948,-3.46739
67.706,-12.3597,8.94285,9.10547,-3.41688
67.717,-12.3841,9.02299,9.13428,-3.36107
67.727,-12.4063,9.09616,9.16067,-3.31011
67.738,-12.4308,9.17697,9.18993,-3.25381
67.748,-12.4532,9.25075,9.21673,-3.20241
67.759,-12.4779,9.33223,9.24642,-3.14562
67.769,-12.5004,9.40662,9.27362,-3.09377
67.78,-12.5253,9.48878,9.30377,-3.03648
67.79,-12.548,9.56378,9.33137,-2.98418
67.801,-12.573,9.64661,9.36195,-2.92641
67.811,-12.5959,9.72222,9.38996,-2.87366
67.822,-12.6211,9.80572,9.42099,-2.8154
67.833,-12.6465,9.88958,9.45225,-2.75687
67.843,-12.6696,9.96612,9.48087,-2.70345
67.854,-12.6951,10.0506,9.51258,-2.64443
67.864,-12.7184,10.1278,9.5416,-2.59056
67.875,-12.7441,10.213,9.57375,-2.53105
67.885,-12.7675,10.2908,9.60318,-2.47673
67.896,-12.7934,10.3766,9.63577,-2.41673
67.906,-12.817,10.455,9.6656,-2.36196
67.917,-12.843,10.5416,9.69863,-2.30147
67.927,-12.8668,10.6205,9.72887,-2.24626
67.938,-12.893,10.7078,9.76234,-2.18528
67.949,-12.9194,10.7953,9.79606,-2.12404
67.959,-12.9434,10.8752,9.8269,-2.06814
67.97,-12.9699,10.9635,9.86106,-2.00641
67.98,-12.9941,11.044,9.89231,-1.95007
67.991,-13.0208,11.1329,9.92691,-1.88785
68.001,-13.0451,11.2141,9.95856,-1.83106
68.012,-13.072,11.3037,9.9936,-1.76834
68.022,-13.2032,11.5294,10.102,-1.67376
68.033,-13.3751,11.8148,10.2408,-1.56023
68.043,-13.5295,12.0717,10.3655,-1.45784
68.054,-13.6975,12.3514,10.5012,-1.34611
68.065,-13.8634,12.6281,10.6353,-1.23532
68.075,-14.0125,12.8771,10.7558,-1.13542
68.086,-14.1746,13.1481,10.8868,-1.02642
68.096,-14.3201,13.3919,11.0044,-0.928156
68.107,-14.4782,13.6573,11.1323,-0.82096
68.117,-14.6202,13.8959,11.2471,-0.724326
68.128,-14.7745,14.1556,11.3719,-0.618926
68.138,-14.9129,14.389,11.4839,-0.523925
68.149,-15.0633,14.643,11.6055,-0.420323
68.159,-15.1982,14.8712,11.7147,-0.326955
68.17,-15.3446,15.1195,11.8333,-0.225149
68.18,-15.476,15.3426,11.9396,-0.133415
68.191,-15.6186,15.5852,12.0551,-0.0334063
68.202,-15.7591,15.8248,12.1689,0.0656615
68.212,-15.8851,16.04,12.2709,0.154906
68.223,-16.0217,16.2739,12.3817,0.252178
68.233,-16.1441,16.4839,12.4809,0.339789
68.244,-16.2768,16.7121,12.5885,0.435263
68.254,-16.3957,16.917,12.6849,0.521241
68.265,-16.5246,17.1395,12.7894,0.614919
68.275,-16.6399,17.3392,12.883,0.699263
68.286,-16.7648,17.556,12.9844,0.791144
68.296,-16.8766,17.7505,13.0752,0.873855
68.307,-16.9977,17.9616,13.1735,0.963939
68.318,-17.1167,18.1698,13.2702,1.05308
68.328,-17.2231,18.3564,13.3566,1.1333
68.339,-17.3382,18.5588,13.4502,1.22065
68.349,-17.441,18.7403,13.5338,1.29924
68.36,-17.5522,18.937,13.6243,1.38479
68.37,-17.6516,19.1133,13.7051,1.46174
68.381,-17.7589,19.3044,13.7925,1.54549
68.391,-17.8547,19.4755,13.8705,1.62082
68.402,-17.9581,19.6608,13.9547,1.70277
68.412,-18.0503,19.8268,14.0299,1.77646
68.423,-18.1498,20.0064,14.1111,1.85662
68.433,-18.2385,20.1672,14.1834,1.92867
68.444,-18.3341,20.3412,14.2615,2.00703
68.455,-18.4277,20.5122,14.3379,2.08446
68.465,-18.511,20.665,14.4059,2.15402
68.476,-18.6007,20.8303,14.4793,2.22964
68.486,-18.6805,20.978,14.5445,2.29758
68.497,-18.7662,21.1376,14.6147,2.3714
68.507,-18.8425,21.2802,14.6771,2.4377
68.518,-18.9243,21.4341,14.7442,2.50973
68.528,-18.997,21.5714,14.8038,2.5744
68.539,-19.075,21.7196,14.8678,2.64463
68.549,-19.1441,21.8518,14.9246,2.70766
68.56,-19.2182,21.9943,14.9855,2.7761
68.571,-19.2903,22.1339,15.0447,2.8436
68.581,-19.354,22.2582,15.0972,2.90414
68.592,-19.4222,22.392,15.1534,2.96984
68.602,-19.4824,22.5111,15.203,3.02875
68.613,-19.5466,22.6393,15.2561,3.09265
68.623,-19.6033,22.7532,15.3029,3.14992
68.634,-19.6637,22.8757,15.3528,3.21203
68.644,-19.7168,22.9844,15.3968,3.26767
68.655,-19.7732,23.1012,15.4437,3.32798
68.665,-19.8228,23.2048,15.4849,3.38199
68.676,-19.8754,23.3159,15.5286,3.4405
68.686,-19.9214,23.4143,15.567,3.49288
68.697,-19.9701,23.5197,15.6076,3.54959
68.708,-20.0167,23.6221,15.6466,3.60536
68.718,-20.0574,23.7126,15.6807,3.65525
68.729,-20.1001,23.8093,15.7166,3.70923
68.739,-20.1372,23.8947,15.7478,3.75748
68.75,-20.176,23.9857,15.7806,3.80966
68.76,-20.2096,24.0659,15.809,3.85628
68.771,-20.2445,24.1512,15.8387,3.90666
68.781,-20.2745,24.2262,15.8643,3.95165
68.792,-20.3056,24.3058,15.8909,4.00024
68.802,-20.332,24.3756,15.9137,4.04359
68.813,-20.3592,24.4496,15.9371,4.09038
68.824,-20.3843,24.5205,15.959,4.13623
68.834,-20.4054,24.5825,15.9775,4.17709
68.845,-20.4266,24.6477,15.9962,4.22114
68.855,-20.4441,24.7045,16.0119,4.26037
68.866,-20.4614,24.7641,16.0275,4.30263
68.876,-20.4754,24.8156,16.0403,4.34022
68.887,-20.4888,24.8695,16.0529,4.38068
68.897,-20.4993,24.9159,16.0629,4.41664
68.908,-20.5088,24.9641,16.0723,4.4553
68.918,-20.5157,25.0053,16.0795,4.48963
68.929,-20.5213,25.0478,16.0858,4.5265
68.94,-20.5249,25.0874,16.0906,4.56242
68.95,-20.5264,25.1207,16.0934,4.59426
68.961,-20.5261,25.1545,16.095,4.62839
68.971,-20.5241,25.1827,16.0951,4.6586
68.982,-20.5199,25.2108,16.0936,4.69092
68.992,-20.5143,25.2338,16.0908,4.7195
69.003,-20.5062,25.2562,16.0862,4.75003
69.013,-20.4971,25.274,16.0806,4.77697
69.024,-20.4851,25.2908,16.0729,4.80571
69.034,-20.4724,25.3034,16.0645,4.83101
69.045,-20.4565,25.3145,16.0537,4.85795
69.055,-20.4403,25.3219,16.0425,4.88163
69.066,-20.4205,25.3273,16.0285,4.90677
69.079,-20.3945,25.3298,16.01,4.93527
69.089,-20.3726,25.3289,15.9942,4.9563
69.099,-20.3489,25.3255,15.977,4.97655
69.11,-20.321,25.3189,15.9566,4.99793
69.12,-20.2938,25.3104,15.9367,5.01654
69.131,-20.262,25.2981,15.9131,5.03612
69.141,-20.2313,25.2844,15.8903,5.05311
69.152,-20.1955,25.2664,15.8637,5.07089
69.162,-20.1613,25.2475,15.8381,5.08624
69.173,-20.1216,25.2238,15.8084,5.10223
69.183,-20.0838,25.1998,15.7799,5.11595
69.194,-20.0403,25.1704,15.7471,5.13014
69.205,-19.9947,25.1381,15.7126,5.14339
69.215,-19.9515,25.1061,15.6799,5.15461
69.226,-19.902,25.0681,15.6423,5.16607
69.236,-19.8553,25.031,15.6067,5.17566
69.247,-19.8019,24.9873,15.5661,5.18532
69.257,-19.7517,24.9449,15.5277,5.19328
69.268,-19.6944,24.8955,15.4839,5.20114
69.278,-19.6406,24.848,15.4427,5.20746
69.289,-19.5794,24.7929,15.3958,5.21353
69.299,-19.522,24.7403,15.3518,5.21822
69.31,-19.457,24.6795,15.3018,5.22249
69.321,-19.3899,24.6157,15.2502,5.22581
69.331,-19.3271,24.5552,15.2018,5.22801
69.342,-19.2561,24.4857,15.1471,5.22954
69.352,-19.1898,24.42,15.096,5.23011
69.363,-19.115,24.3448,15.0381,5.22984
69.373,-19.0451,24.2739,14.9842,5.22878
69.384,-18.9663,24.193,14.9232,5.22672
69.394,-18.8929,24.117,14.8664,5.22402
69.405,-18.8103,24.0304,14.8024,5.22016
69.415,-18.7333,23.9492,14.7428,5.21583
69.426,-18.6468,23.8569,14.6756,5.21017
69.436,-18.5663,23.7705,14.6132,5.20421
69.447,-18.4758,23.6726,14.543,5.19675
69.458,-18.3833,23.5716,14.4711,5.18835
69.468,-18.2974,23.4773,14.4043,5.1799
69.479,-18.201,23.3707,14.3294,5.1697
69.489,-18.1116,23.2712,14.2598,5.15962
69.5,-18.0113,23.1589,14.1817,5.14763
69.51,-17.9183,23.0543,14.1093,5.13591
69.521,-17.8141,22.9363,14.0282,5.12212
69.531,-17.7176,22.8264,13.9529,5.10877
69.542,-17.6095,22.7027,13.8687,5.09319
69.552,-17.5095,22.5877,13.7906,5.0782
69.563,-17.3975,22.4583,13.7032,5.06082
69.574,-17.2835,22.326,13.6142,5.04249
69.584,-17.178,22.2031,13.5319,5.02502
69.595,-17.0601,22.065,13.4397,5.0049
69.605,-16.9511,21.9369,13.3546,4.98579
69.616,-16.8293,21.7932,13.2594,4.96388
69.626,-16.7168,21.6599,13.1714,4.94314
69.637,-16.5911,21.5105,13.0731,4.91942
69.647,-16.475,21.3721,12.9822,4.89705
69.658,-16.3454,21.2169,12.8808,4.87154
69.668,-16.2258,21.0733,12.7872,4.84753
69.679,-16.0923,20.9125,12.6826,4.82022
69.69,-15.9567,20.7487,12.5765,4.79197
69.7,-15.8317,20.5972,12.4786,4.76548
69.711,-15.6923,20.4277,12.3693,4.73543
69.721,-15.5637,20.271,12.2685,4.7073
69.732,-15.4204,20.0958,12.1562,4.67546
69.742,-15.2883,19.934,12.0526,4.64569
69.753,-15.141,19.7531,11.9371,4.61206
69.763,-15.0054,19.5861,11.8307,4.58066
69.774,-14.8543,19.3995,11.7121,4.54522
69.784,-14.7151,19.2273,11.6029,4.51219
69.795,-14.5601,19.035,11.4812,4.47496
69.805,-14.4174,18.8576,11.3692,4.44029
69.816,-14.2584,18.6597,11.2444,4.40127
69.827,-14.0974,18.4587,11.118,4.3613
69.837,-13.9493,18.2735,11.0016,4.32414
69.848,-13.7845,18.0668,10.8721,4.28237
69.858,-13.6328,17.8764,10.7529,4.24359
69.869,-13.4641,17.6641,10.6203,4.20002
69.879,-13.3089,17.4685,10.4983,4.1596
69.89,-13.1362,17.2504,10.3626,4.11424
69.9,-12.9775,17.0497,10.2378,4.07219
69.911,-12.8009,16.8259,10.0989,4.02503
69.921,-12.6386,16.62,9.97132,3.98134
69.932,-12.4582,16.3906,9.82937,3.93239
69.943,-12.2757,16.1582,9.6858,3.88249
69.953,-12.108,15.9443,9.55387,3.83632
69.964,-11.9216,15.7062,9.4072,3.78463
69.974,-11.7504,15.4872,9.27245,3.73682
69.985,-11.5601,15.2434,9.12267,3.68333
69.995,-11.3854,15.0192,8.98509,3.63388
70.006,-11.1912,14.7698,8.83221,3.5786
70.016,-11.0129,14.5404,8.69181,3.52752
70.027,-10.8148,14.2852,8.53582,3.47044
70.037,-10.6329,14.0507,8.3926,3.41773
70.048,-10.431,13.7898,8.23351,3.35885
70.058,-10.2456,13.5501,8.08747,3.3045
70.069,-10.0397,13.2835,7.92527,3.24383
70.08,-9.8318,13.014,7.76145,3.18221
70.09,-9.64102,12.7664,7.6111,3.12538
70.101,-9.42921,12.4912,7.44418,3.06196
70.111,-9.23489,12.2384,7.29101,3.0035
70.122,-9.01918,11.9575,7.12098,2.93829
70.132,-8.82132,11.6995,6.96499,2.87819
70.143,-8.60172,11.4129,6.79185,2.81118
70.153,-8.40031,11.1498,6.63304,2.74945
70.164,-8.17681,10.8575,6.4568,2.68064
70.174,-7.97186,10.5891,6.29517,2.61727
70.185,-7.74447,10.2911,6.11582,2.54667
70.196,-7.51504,9.99017,5.93485,2.47513
70.206,-7.30469,9.71396,5.76891,2.40927
70.217,-7.07136,9.40729,5.58484,2.33593
70.227,-6.85747,9.12591,5.41608,2.26845
70.238,-6.62024,8.81355,5.2289,2.19331
70.248,-6.40281,8.527,5.05732,2.12419
70.259,-6.16169,8.20894,4.86703,2.04725
70.269,-5.94072,7.91721,4.69263,1.9765
70.28,-5.6957,7.59346,4.49924,1.89777
70.29,-5.47118,7.29656,4.32202,1.82538
70.301,-5.22227,6.96712,4.12552,1.74485
70.311,-4.99421,6.66504,3.94548,1.67083
70.322,-4.7414,6.3299,3.74587,1.5885
70.333,-4.48655,5.99179,3.54465,1.50524
70.343,-4.25309,5.68182,3.3603,1.42873
70.354,-3.99434,5.33801,3.15597,1.34367
70.364,-3.75735,5.02287,2.9688,1.26552
70.375,-3.4947,4.67337,2.76136,1.17866
70.385,-3.25416,4.35305,2.57137,1.09888
70.396,-2.98762,3.99785,2.36083,1.01023
70.406,-2.74354,3.67236,2.16802,0.928817
70.417,-2.47311,3.31147,1.95437,0.838365
70.427,-2.22548,2.9808,1.75874,0.755319
70.438,-1.95115,2.61422,1.54199,0.66307
70.449,-1.67478,2.24466,1.32361,0.56988
70.459,-1.42176,1.9061,1.12367,0.484345
70.47,-1.14149,1.53085,0.90219,0.389359
70.48,-0.884926,1.18712,0.699432,0.30219
70.491,-0.60076,0.806167,0.474845,0.205407
70.501,-0.340656,0.457262,0.269264,0.116605
70.512,-0.0525942,0.070619,0.0415731,0.0180248
